tail: top 25,000 uncoded strings, covering 492,040 education rows
[cip_llm] firing 50,000 units across ['local5080', 'fw4b', 'fwmoe']
  [pool] 25 done  4.31 item/s  ~193 min left  (failed=0)
  [pool] 50 done  5.80 item/s  ~143 min left  (failed=0)
  [pool] 75 done  6.53 item/s  ~127 min left  (failed=0)
  [pool] 100 done  6.86 item/s  ~121 min left  (failed=0)
  [pool] 125 done  7.30 item/s  ~114 min left  (failed=0)
  [pool] 150 done  7.52 item/s  ~111 min left  (failed=0)
  [pool] 175 done  7.71 item/s  ~108 min left  (failed=0)
  [pool] 200 done  7.80 item/s  ~106 min left  (failed=0)
  [pool] 225 done  8.05 item/s  ~103 min left  (failed=0)
  [pool] 250 done  8.14 item/s  ~102 min left  (failed=0)
  [pool] 275 done  8.22 item/s  ~101 min left  (failed=0)
  [pool] 300 done  8.27 item/s  ~100 min left  (failed=0)
  [pool] 325 done  8.33 item/s  ~99 min left  (failed=0)
  [pool] 350 done  8.38 item/s  ~99 min left  (failed=0)
  [pool] 375 done  8.44 item/s  ~98 min left  (failed=0)
  [pool] 400 done  8.49 item/s  ~97 min left  (failed=0)
  [pool] 425 done  8.48 item/s  ~97 min left  (failed=0)
  [pool] 450 done  8.49 item/s  ~97 min left  (failed=0)
  [pool] 475 done  8.55 item/s  ~97 min left  (failed=0)
  [pool] 500 done  8.56 item/s  ~96 min left  (failed=0)
  [pool] 525 done  8.62 item/s  ~96 min left  (failed=0)
  [pool] 550 done  8.59 item/s  ~96 min left  (failed=0)
  [pool] 575 done  8.58 item/s  ~96 min left  (failed=0)
  [pool] 600 done  8.63 item/s  ~95 min left  (failed=0)
  [pool] 625 done  8.63 item/s  ~95 min left  (failed=0)
  [pool] 650 done  8.64 item/s  ~95 min left  (failed=0)
  [pool] 675 done  8.68 item/s  ~95 min left  (failed=0)
  [pool] 700 done  8.70 item/s  ~94 min left  (failed=0)
  [pool] 725 done  8.70 item/s  ~94 min left  (failed=0)
  [pool] 750 done  8.70 item/s  ~94 min left  (failed=0)
  [pool] 775 done  8.68 item/s  ~95 min left  (failed=0)
  [pool] 800 done  8.69 item/s  ~94 min left  (failed=0)
  [pool] 825 done  8.70 item/s  ~94 min left  (failed=0)
  [pool] 850 done  8.71 item/s  ~94 min left  (failed=0)
  [pool] 875 done  8.73 item/s  ~94 min left  (failed=0)
  [pool] 900 done  8.73 item/s  ~94 min left  (failed=0)
  [pool] 925 done  8.73 item/s  ~94 min left  (failed=0)
  [pool] 950 done  8.75 item/s  ~93 min left  (failed=0)
  [pool] 975 done  8.74 item/s  ~94 min left  (failed=0)
  [pool] 1,000 done  8.77 item/s  ~93 min left  (failed=0)
  [pool] 1,025 done  8.75 item/s  ~93 min left  (failed=0)
  [pool] 1,050 done  8.74 item/s  ~93 min left  (failed=0)
  [pool] 1,075 done  8.75 item/s  ~93 min left  (failed=0)
  [pool] 1,100 done  8.77 item/s  ~93 min left  (failed=0)
  [pool] 1,125 done  8.76 item/s  ~93 min left  (failed=0)
  [pool] 1,150 done  8.75 item/s  ~93 min left  (failed=0)
  [pool] 1,175 done  8.76 item/s  ~93 min left  (failed=0)
  [pool] 1,200 done  8.77 item/s  ~93 min left  (failed=0)
  [pool] 1,225 done  8.79 item/s  ~92 min left  (failed=0)
  [pool] 1,250 done  8.76 item/s  ~93 min left  (failed=0)
  [pool] 1,275 done  8.78 item/s  ~92 min left  (failed=0)
  [pool] 1,300 done  8.78 item/s  ~92 min left  (failed=0)
  [pool] 1,325 done  8.78 item/s  ~92 min left  (failed=0)
  [pool] 1,350 done  8.79 item/s  ~92 min left  (failed=0)
  [pool] 1,375 done  8.80 item/s  ~92 min left  (failed=0)
  [pool] 1,400 done  8.80 item/s  ~92 min left  (failed=0)
  [pool] 1,425 done  8.80 item/s  ~92 min left  (failed=0)
  [pool] 1,450 done  8.79 item/s  ~92 min left  (failed=0)
  [pool] 1,475 done  8.81 item/s  ~92 min left  (failed=0)
  [pool] 1,500 done  8.74 item/s  ~92 min left  (failed=0)
  [pool] 1,525 done  8.73 item/s  ~93 min left  (failed=0)
  [pool] 1,550 done  8.73 item/s  ~93 min left  (failed=0)
  [pool] 1,575 done  8.72 item/s  ~93 min left  (failed=0)
  [pool] 1,600 done  8.72 item/s  ~93 min left  (failed=0)
  [pool] 1,625 done  8.70 item/s  ~93 min left  (failed=0)
  [pool] 1,650 done  8.71 item/s  ~92 min left  (failed=0)
  [pool] 1,675 done  8.71 item/s  ~93 min left  (failed=0)
  [pool] 1,700 done  8.66 item/s  ~93 min left  (failed=0)
  [pool] 1,725 done  8.63 item/s  ~93 min left  (failed=0)
  [pool] 1,750 done  8.62 item/s  ~93 min left  (failed=0)
  [pool] 1,775 done  8.63 item/s  ~93 min left  (failed=0)
  [pool] 1,800 done  8.62 item/s  ~93 min left  (failed=0)
  [pool] 1,825 done  8.63 item/s  ~93 min left  (failed=0)
  [pool] 1,850 done  8.60 item/s  ~93 min left  (failed=0)
  [pool] 1,875 done  8.61 item/s  ~93 min left  (failed=0)
  [pool] 1,900 done  8.59 item/s  ~93 min left  (failed=0)
  [pool] 1,925 done  8.54 item/s  ~94 min left  (failed=0)
  [pool] 1,950 done  8.55 item/s  ~94 min left  (failed=0)
  [pool] 1,975 done  8.54 item/s  ~94 min left  (failed=0)
  [pool] 2,000 done  8.54 item/s  ~94 min left  (failed=0)
  [pool] 2,025 done  8.54 item/s  ~94 min left  (failed=0)
  [pool] 2,050 done  8.54 item/s  ~94 min left  (failed=0)
  [pool] 2,075 done  8.53 item/s  ~94 min left  (failed=0)
  [pool] 2,100 done  8.52 item/s  ~94 min left  (failed=0)
  [pool] 2,125 done  8.52 item/s  ~94 min left  (failed=0)
  [pool] 2,150 done  8.51 item/s  ~94 min left  (failed=0)
  [pool] 2,175 done  8.50 item/s  ~94 min left  (failed=0)
  [pool] 2,200 done  8.50 item/s  ~94 min left  (failed=0)
  [pool] 2,225 done  8.50 item/s  ~94 min left  (failed=0)
  [pool] 2,250 done  8.50 item/s  ~94 min left  (failed=0)
  [pool] 2,275 done  8.48 item/s  ~94 min left  (failed=0)
  [pool] 2,300 done  8.48 item/s  ~94 min left  (failed=0)
  [pool] 2,325 done  8.48 item/s  ~94 min left  (failed=0)
  [pool] 2,350 done  8.47 item/s  ~94 min left  (failed=0)
  [pool] 2,375 done  8.48 item/s  ~94 min left  (failed=0)
  [pool] 2,400 done  8.48 item/s  ~94 min left  (failed=0)
  [pool] 2,425 done  8.47 item/s  ~94 min left  (failed=0)
  [pool] 2,450 done  8.47 item/s  ~94 min left  (failed=0)
  [pool] 2,475 done  8.47 item/s  ~93 min left  (failed=0)
  [pool] 2,500 done  8.46 item/s  ~94 min left  (failed=0)
  [pool] 2,525 done  8.47 item/s  ~93 min left  (failed=0)
  [pool] 2,550 done  8.46 item/s  ~93 min left  (failed=0)
  [pool] 2,575 done  8.48 item/s  ~93 min left  (failed=0)
  [pool] 2,600 done  8.47 item/s  ~93 min left  (failed=0)
  [pool] 2,625 done  8.47 item/s  ~93 min left  (failed=0)
  [pool] 2,650 done  8.46 item/s  ~93 min left  (failed=0)
  [pool] 2,675 done  8.43 item/s  ~94 min left  (failed=0)
  [pool] 2,700 done  8.42 item/s  ~94 min left  (failed=0)
  [pool] 2,725 done  8.42 item/s  ~94 min left  (failed=0)
  [pool] 2,750 done  8.43 item/s  ~93 min left  (failed=0)
  [pool] 2,775 done  8.43 item/s  ~93 min left  (failed=0)
  [pool] 2,800 done  8.41 item/s  ~93 min left  (failed=0)
  [pool] 2,825 done  8.41 item/s  ~93 min left  (failed=0)
  [pool] 2,850 done  8.40 item/s  ~94 min left  (failed=0)
  [pool] 2,875 done  8.37 item/s  ~94 min left  (failed=0)
  [pool] 2,900 done  8.38 item/s  ~94 min left  (failed=0)
  [pool] 2,925 done  8.38 item/s  ~94 min left  (failed=0)
  [pool] 2,950 done  8.38 item/s  ~94 min left  (failed=0)
  [pool] 2,975 done  8.38 item/s  ~93 min left  (failed=0)
  [pool] 3,000 done  8.38 item/s  ~93 min left  (failed=0)
  [pool] 3,025 done  8.39 item/s  ~93 min left  (failed=0)
  [pool] 3,050 done  8.39 item/s  ~93 min left  (failed=0)
  [pool] 3,075 done  8.38 item/s  ~93 min left  (failed=0)
  [pool] 3,100 done  8.39 item/s  ~93 min left  (failed=0)
  [pool] 3,125 done  8.39 item/s  ~93 min left  (failed=0)
  [pool] 3,150 done  8.40 item/s  ~93 min left  (failed=0)
  [pool] 3,175 done  8.40 item/s  ~93 min left  (failed=0)
  [pool] 3,200 done  8.40 item/s  ~93 min left  (failed=0)
  [pool] 3,225 done  8.41 item/s  ~93 min left  (failed=0)
  [pool] 3,250 done  8.41 item/s  ~93 min left  (failed=0)
  [pool] 3,275 done  8.41 item/s  ~93 min left  (failed=0)
  [pool] 3,300 done  8.42 item/s  ~92 min left  (failed=0)
  [pool] 3,325 done  8.42 item/s  ~92 min left  (failed=0)
  [pool] 3,350 done  8.41 item/s  ~92 min left  (failed=0)
  [pool] 3,375 done  8.40 item/s  ~92 min left  (failed=0)
  [pool] 3,400 done  8.41 item/s  ~92 min left  (failed=0)
  [pool] 3,425 done  8.41 item/s  ~92 min left  (failed=0)
  [pool] 3,450 done  8.41 item/s  ~92 min left  (failed=0)
  [pool] 3,475 done  8.41 item/s  ~92 min left  (failed=0)
  [pool] 3,500 done  8.40 item/s  ~92 min left  (failed=0)
  [pool] 3,525 done  8.39 item/s  ~92 min left  (failed=0)
  [pool] 3,550 done  8.38 item/s  ~92 min left  (failed=0)
  [pool] 3,575 done  8.37 item/s  ~92 min left  (failed=0)
  [pool] 3,600 done  8.38 item/s  ~92 min left  (failed=0)
  [pool] 3,625 done  8.37 item/s  ~92 min left  (failed=0)
  [pool] 3,650 done  8.37 item/s  ~92 min left  (failed=0)
  [pool] 3,675 done  8.38 item/s  ~92 min left  (failed=0)
  [pool] 3,700 done  8.37 item/s  ~92 min left  (failed=0)
  [pool] 3,725 done  8.37 item/s  ~92 min left  (failed=0)
  [pool] 3,750 done  8.35 item/s  ~92 min left  (failed=0)
  [pool] 3,775 done  8.34 item/s  ~92 min left  (failed=0)
  [pool] 3,800 done  8.34 item/s  ~92 min left  (failed=0)
  [pool] 3,825 done  8.34 item/s  ~92 min left  (failed=0)
  [pool] 3,850 done  8.34 item/s  ~92 min left  (failed=0)
  [pool] 3,875 done  8.34 item/s  ~92 min left  (failed=0)
  [pool] 3,900 done  8.34 item/s  ~92 min left  (failed=0)
  [pool] 3,925 done  8.34 item/s  ~92 min left  (failed=0)
  [pool] 3,950 done  8.35 item/s  ~92 min left  (failed=0)
  [pool] 3,975 done  8.35 item/s  ~92 min left  (failed=0)
  [pool] 4,000 done  8.35 item/s  ~92 min left  (failed=0)
  [pool] 4,025 done  8.35 item/s  ~92 min left  (failed=0)
  [pool] 4,050 done  8.36 item/s  ~92 min left  (failed=0)
  [pool] 4,075 done  8.36 item/s  ~92 min left  (failed=0)
  [pool] 4,100 done  8.36 item/s  ~92 min left  (failed=0)
  [pool] 4,125 done  8.37 item/s  ~91 min left  (failed=0)
  [pool] 4,150 done  8.36 item/s  ~91 min left  (failed=0)
  [pool] 4,175 done  8.36 item/s  ~91 min left  (failed=0)
  [pool] 4,200 done  8.37 item/s  ~91 min left  (failed=0)
  [pool] 4,225 done  8.37 item/s  ~91 min left  (failed=0)
  [pool] 4,250 done  8.37 item/s  ~91 min left  (failed=0)
  [pool] 4,275 done  8.37 item/s  ~91 min left  (failed=0)
  [pool] 4,300 done  8.37 item/s  ~91 min left  (failed=0)
  [pool] 4,325 done  8.38 item/s  ~91 min left  (failed=0)
  [pool] 4,350 done  8.38 item/s  ~91 min left  (failed=0)
  [pool] 4,375 done  8.38 item/s  ~91 min left  (failed=0)
  [pool] 4,400 done  8.38 item/s  ~91 min left  (failed=0)
  [pool] 4,425 done  8.39 item/s  ~91 min left  (failed=0)
  [pool] 4,450 done  8.40 item/s  ~90 min left  (failed=0)
  [pool] 4,475 done  8.40 item/s  ~90 min left  (failed=0)
  [pool] 4,500 done  8.40 item/s  ~90 min left  (failed=0)
  [pool] 4,525 done  8.40 item/s  ~90 min left  (failed=0)
  [pool] 4,550 done  8.40 item/s  ~90 min left  (failed=0)
  [pool] 4,575 done  8.40 item/s  ~90 min left  (failed=0)
  [pool] 4,600 done  8.40 item/s  ~90 min left  (failed=0)
  [pool] 4,625 done  8.41 item/s  ~90 min left  (failed=0)
  [pool] 4,650 done  8.41 item/s  ~90 min left  (failed=0)
  [pool] 4,675 done  8.42 item/s  ~90 min left  (failed=0)
  [pool] 4,700 done  8.41 item/s  ~90 min left  (failed=0)
  [pool] 4,725 done  8.41 item/s  ~90 min left  (failed=0)
  [pool] 4,750 done  8.41 item/s  ~90 min left  (failed=0)
  [pool] 4,775 done  8.41 item/s  ~90 min left  (failed=0)
  [pool] 4,800 done  8.41 item/s  ~90 min left  (failed=0)
  [pool] 4,825 done  8.42 item/s  ~89 min left  (failed=0)
  [pool] 4,850 done  8.42 item/s  ~89 min left  (failed=0)
  [pool] 4,875 done  8.42 item/s  ~89 min left  (failed=0)
  [pool] 4,900 done  8.43 item/s  ~89 min left  (failed=0)
  [pool] 4,925 done  8.42 item/s  ~89 min left  (failed=0)
  [pool] 4,950 done  8.43 item/s  ~89 min left  (failed=0)
  [pool] 4,975 done  8.43 item/s  ~89 min left  (failed=0)
  [pool] 5,000 done  8.43 item/s  ~89 min left  (failed=0)
  [pool] 5,025 done  8.43 item/s  ~89 min left  (failed=0)
  [pool] 5,050 done  8.43 item/s  ~89 min left  (failed=0)
  [pool] 5,075 done  8.43 item/s  ~89 min left  (failed=0)
  [pool] 5,100 done  8.43 item/s  ~89 min left  (failed=0)
  [pool] 5,125 done  8.43 item/s  ~89 min left  (failed=0)
  [pool] 5,150 done  8.43 item/s  ~89 min left  (failed=0)
  [pool] 5,175 done  8.44 item/s  ~89 min left  (failed=0)
  [pool] 5,200 done  8.44 item/s  ~88 min left  (failed=0)
  [pool] 5,225 done  8.44 item/s  ~88 min left  (failed=0)
  [pool] 5,250 done  8.44 item/s  ~88 min left  (failed=0)
  [pool] 5,275 done  8.44 item/s  ~88 min left  (failed=0)
  [pool] 5,300 done  8.44 item/s  ~88 min left  (failed=0)
  [pool] 5,325 done  8.44 item/s  ~88 min left  (failed=0)
  [pool] 5,350 done  8.44 item/s  ~88 min left  (failed=0)
  [pool] 5,375 done  8.44 item/s  ~88 min left  (failed=0)
  [pool] 5,400 done  8.45 item/s  ~88 min left  (failed=0)
  [pool] 5,425 done  8.45 item/s  ~88 min left  (failed=0)
  [pool] 5,450 done  8.44 item/s  ~88 min left  (failed=0)
  [pool] 5,475 done  8.45 item/s  ~88 min left  (failed=0)
  [pool] 5,500 done  8.45 item/s  ~88 min left  (failed=0)
  [pool] 5,525 done  8.45 item/s  ~88 min left  (failed=0)
  [pool] 5,550 done  8.46 item/s  ~88 min left  (failed=0)
  [pool] 5,575 done  8.45 item/s  ~88 min left  (failed=0)
  [pool] 5,600 done  8.46 item/s  ~87 min left  (failed=0)
  [pool] 5,625 done  8.46 item/s  ~87 min left  (failed=0)
  [pool] 5,650 done  8.46 item/s  ~87 min left  (failed=0)
  [pool] 5,675 done  8.47 item/s  ~87 min left  (failed=0)
  [pool] 5,700 done  8.47 item/s  ~87 min left  (failed=0)
  [pool] 5,725 done  8.47 item/s  ~87 min left  (failed=0)
  [pool] 5,750 done  8.47 item/s  ~87 min left  (failed=0)
  [pool] 5,775 done  8.47 item/s  ~87 min left  (failed=0)
  [pool] 5,800 done  8.48 item/s  ~87 min left  (failed=0)
  [pool] 5,825 done  8.48 item/s  ~87 min left  (failed=0)
  [pool] 5,850 done  8.48 item/s  ~87 min left  (failed=0)
  [pool] 5,875 done  8.48 item/s  ~87 min left  (failed=0)
  [pool] 5,900 done  8.48 item/s  ~87 min left  (failed=0)
  [pool] 5,925 done  8.48 item/s  ~87 min left  (failed=0)
  [pool] 5,950 done  8.48 item/s  ~87 min left  (failed=0)
  [pool] 5,975 done  8.48 item/s  ~86 min left  (failed=0)
  [pool] 6,000 done  8.49 item/s  ~86 min left  (failed=0)
  [pool] 6,025 done  8.48 item/s  ~86 min left  (failed=0)
  [pool] 6,050 done  8.48 item/s  ~86 min left  (failed=0)
  [pool] 6,075 done  8.49 item/s  ~86 min left  (failed=0)
  [pool] 6,100 done  8.48 item/s  ~86 min left  (failed=0)
  [pool] 6,125 done  8.49 item/s  ~86 min left  (failed=0)
  [pool] 6,150 done  8.49 item/s  ~86 min left  (failed=0)
  [pool] 6,175 done  8.49 item/s  ~86 min left  (failed=0)
  [pool] 6,200 done  8.49 item/s  ~86 min left  (failed=0)
  [pool] 6,225 done  8.49 item/s  ~86 min left  (failed=0)
  [pool] 6,250 done  8.49 item/s  ~86 min left  (failed=0)
  [pool] 6,275 done  8.49 item/s  ~86 min left  (failed=0)
  [pool] 6,300 done  8.49 item/s  ~86 min left  (failed=0)
  [pool] 6,325 done  8.49 item/s  ~86 min left  (failed=0)
  [pool] 6,350 done  8.50 item/s  ~86 min left  (failed=0)
  [pool] 6,375 done  8.50 item/s  ~86 min left  (failed=0)
  [pool] 6,400 done  8.50 item/s  ~86 min left  (failed=0)
  [pool] 6,425 done  8.50 item/s  ~85 min left  (failed=0)
  [pool] 6,450 done  8.50 item/s  ~85 min left  (failed=0)
  [pool] 6,475 done  8.51 item/s  ~85 min left  (failed=0)
  [pool] 6,500 done  8.50 item/s  ~85 min left  (failed=0)
  [pool] 6,525 done  8.50 item/s  ~85 min left  (failed=0)
  [pool] 6,550 done  8.50 item/s  ~85 min left  (failed=0)
  [pool] 6,575 done  8.51 item/s  ~85 min left  (failed=0)
  [pool] 6,600 done  8.51 item/s  ~85 min left  (failed=0)
  [pool] 6,625 done  8.51 item/s  ~85 min left  (failed=0)
  [pool] 6,650 done  8.51 item/s  ~85 min left  (failed=0)
  [pool] 6,675 done  8.51 item/s  ~85 min left  (failed=0)
  [pool] 6,700 done  8.51 item/s  ~85 min left  (failed=0)
  [pool] 6,725 done  8.52 item/s  ~85 min left  (failed=0)
  [pool] 6,750 done  8.52 item/s  ~85 min left  (failed=0)
  [pool] 6,775 done  8.52 item/s  ~85 min left  (failed=0)
  [pool] 6,800 done  8.52 item/s  ~84 min left  (failed=0)
  [pool] 6,825 done  8.52 item/s  ~84 min left  (failed=0)
  [pool] 6,850 done  8.52 item/s  ~84 min left  (failed=0)
  [pool] 6,875 done  8.52 item/s  ~84 min left  (failed=0)
  [pool] 6,900 done  8.52 item/s  ~84 min left  (failed=0)
  [pool] 6,925 done  8.53 item/s  ~84 min left  (failed=0)
  [pool] 6,950 done  8.53 item/s  ~84 min left  (failed=0)
  [pool] 6,975 done  8.53 item/s  ~84 min left  (failed=0)
  [pool] 7,000 done  8.53 item/s  ~84 min left  (failed=0)
  [pool] 7,025 done  8.53 item/s  ~84 min left  (failed=0)
  [pool] 7,050 done  8.53 item/s  ~84 min left  (failed=0)
  [pool] 7,075 done  8.53 item/s  ~84 min left  (failed=0)
  [pool] 7,100 done  8.53 item/s  ~84 min left  (failed=0)
  [pool] 7,125 done  8.53 item/s  ~84 min left  (failed=0)
  [pool] 7,150 done  8.53 item/s  ~84 min left  (failed=0)
  [pool] 7,175 done  8.53 item/s  ~84 min left  (failed=0)
  [pool] 7,200 done  8.53 item/s  ~84 min left  (failed=0)
  [pool] 7,225 done  8.53 item/s  ~84 min left  (failed=0)
  [pool] 7,250 done  8.53 item/s  ~84 min left  (failed=0)
  [pool] 7,275 done  8.53 item/s  ~83 min left  (failed=0)
  [pool] 7,300 done  8.54 item/s  ~83 min left  (failed=0)
  [pool] 7,325 done  8.53 item/s  ~83 min left  (failed=0)
  [pool] 7,350 done  8.54 item/s  ~83 min left  (failed=0)
  [pool] 7,375 done  8.54 item/s  ~83 min left  (failed=0)
  [pool] 7,400 done  8.54 item/s  ~83 min left  (failed=0)
  [pool] 7,425 done  8.54 item/s  ~83 min left  (failed=0)
  [pool] 7,450 done  8.54 item/s  ~83 min left  (failed=0)
  [pool] 7,475 done  8.54 item/s  ~83 min left  (failed=0)
  [pool] 7,500 done  8.54 item/s  ~83 min left  (failed=0)
  [pool] 7,525 done  8.54 item/s  ~83 min left  (failed=0)
  [pool] 7,550 done  8.55 item/s  ~83 min left  (failed=0)
  [pool] 7,575 done  8.55 item/s  ~83 min left  (failed=0)
  [pool] 7,600 done  8.55 item/s  ~83 min left  (failed=0)
  [pool] 7,625 done  8.55 item/s  ~83 min left  (failed=0)
  [pool] 7,650 done  8.55 item/s  ~83 min left  (failed=0)
  [pool] 7,675 done  8.55 item/s  ~83 min left  (failed=0)
  [pool] 7,700 done  8.55 item/s  ~82 min left  (failed=0)
  [pool] 7,725 done  8.55 item/s  ~82 min left  (failed=0)
  [pool] 7,750 done  8.55 item/s  ~82 min left  (failed=0)
  [pool] 7,775 done  8.55 item/s  ~82 min left  (failed=0)
  [pool] 7,800 done  8.55 item/s  ~82 min left  (failed=0)
  [pool] 7,825 done  8.55 item/s  ~82 min left  (failed=0)
  [pool] 7,850 done  8.56 item/s  ~82 min left  (failed=0)
  [pool] 7,875 done  8.56 item/s  ~82 min left  (failed=0)
  [pool] 7,900 done  8.56 item/s  ~82 min left  (failed=0)
  [pool] 7,925 done  8.55 item/s  ~82 min left  (failed=0)
  [pool] 7,950 done  8.56 item/s  ~82 min left  (failed=0)
  [pool] 7,975 done  8.56 item/s  ~82 min left  (failed=0)
  [pool] 8,000 done  8.56 item/s  ~82 min left  (failed=0)
  [pool] 8,025 done  8.56 item/s  ~82 min left  (failed=0)
  [pool] 8,050 done  8.56 item/s  ~82 min left  (failed=0)
  [pool] 8,075 done  8.56 item/s  ~82 min left  (failed=0)
  [pool] 8,100 done  8.56 item/s  ~82 min left  (failed=0)
  [pool] 8,125 done  8.56 item/s  ~82 min left  (failed=0)
  [pool] 8,150 done  8.56 item/s  ~81 min left  (failed=0)
  [pool] 8,175 done  8.56 item/s  ~81 min left  (failed=0)
  [pool] 8,200 done  8.56 item/s  ~81 min left  (failed=0)
  [pool] 8,225 done  8.56 item/s  ~81 min left  (failed=0)
  [pool] 8,250 done  8.56 item/s  ~81 min left  (failed=0)
  [pool] 8,275 done  8.56 item/s  ~81 min left  (failed=0)
  [pool] 8,300 done  8.53 item/s  ~81 min left  (failed=0)
  [pool] 8,325 done  8.51 item/s  ~82 min left  (failed=0)
  [pool] 8,350 done  8.47 item/s  ~82 min left  (failed=0)
  [pool] 8,375 done  8.45 item/s  ~82 min left  (failed=0)
  [pool] 8,400 done  8.43 item/s  ~82 min left  (failed=0)
  [pool] 8,425 done  8.40 item/s  ~82 min left  (failed=0)
  [pool] 8,450 done  8.39 item/s  ~83 min left  (failed=0)
  [pool] 8,475 done  8.36 item/s  ~83 min left  (failed=0)
  [pool] 8,500 done  8.34 item/s  ~83 min left  (failed=0)
  [pool] 8,525 done  8.32 item/s  ~83 min left  (failed=0)
  [pool] 8,550 done  8.30 item/s  ~83 min left  (failed=0)
  [pool] 8,575 done  8.27 item/s  ~83 min left  (failed=0)
  [pool] 8,600 done  8.26 item/s  ~84 min left  (failed=0)
  [pool] 8,625 done  8.24 item/s  ~84 min left  (failed=0)
  [pool] 8,650 done  8.22 item/s  ~84 min left  (failed=0)
  [pool] 8,675 done  8.20 item/s  ~84 min left  (failed=0)
  [pool] 8,700 done  8.18 item/s  ~84 min left  (failed=0)
  [pool] 8,725 done  8.16 item/s  ~84 min left  (failed=0)
  [pool] 8,750 done  8.15 item/s  ~84 min left  (failed=0)
  [pool] 8,775 done  8.12 item/s  ~85 min left  (failed=0)
  [pool] 8,800 done  8.10 item/s  ~85 min left  (failed=0)
  [pool] 8,825 done  8.09 item/s  ~85 min left  (failed=0)
  [pool] 8,850 done  8.07 item/s  ~85 min left  (failed=0)
  [pool] 8,875 done  8.04 item/s  ~85 min left  (failed=0)
  [pool] 8,900 done  8.03 item/s  ~85 min left  (failed=0)
  [pool] 8,925 done  8.01 item/s  ~85 min left  (failed=0)
  [pool] 8,950 done  7.99 item/s  ~86 min left  (failed=0)
  [pool] 8,975 done  7.98 item/s  ~86 min left  (failed=0)
  [pool] 9,000 done  7.96 item/s  ~86 min left  (failed=0)
  [pool] 9,025 done  7.94 item/s  ~86 min left  (failed=0)
  [pool] 9,050 done  7.92 item/s  ~86 min left  (failed=0)
  [pool] 9,075 done  7.90 item/s  ~86 min left  (failed=0)
  [pool] 9,100 done  7.89 item/s  ~86 min left  (failed=0)
  [pool] 9,125 done  7.87 item/s  ~87 min left  (failed=0)
  [pool] 9,150 done  7.85 item/s  ~87 min left  (failed=0)
  [pool] 9,175 done  7.83 item/s  ~87 min left  (failed=0)
  [pool] 9,200 done  7.82 item/s  ~87 min left  (failed=0)
  [pool] 9,225 done  7.80 item/s  ~87 min left  (failed=0)
  [pool] 9,250 done  7.79 item/s  ~87 min left  (failed=0)
  [pool] 9,275 done  7.78 item/s  ~87 min left  (failed=0)
  [pool] 9,300 done  7.76 item/s  ~87 min left  (failed=0)
  [pool] 9,325 done  7.74 item/s  ~88 min left  (failed=0)
  [pool] 9,350 done  7.72 item/s  ~88 min left  (failed=0)
  [pool] 9,375 done  7.71 item/s  ~88 min left  (failed=0)
  [pool] 9,400 done  7.69 item/s  ~88 min left  (failed=0)
  [pool] 9,425 done  7.68 item/s  ~88 min left  (failed=0)
  [pool] 9,450 done  7.67 item/s  ~88 min left  (failed=0)
  [pool] 9,475 done  7.65 item/s  ~88 min left  (failed=0)
  [pool] 9,500 done  7.63 item/s  ~88 min left  (failed=0)
  [pool] 9,525 done  7.62 item/s  ~89 min left  (failed=0)
  [pool] 9,550 done  7.61 item/s  ~89 min left  (failed=0)
  [pool] 9,575 done  7.60 item/s  ~89 min left  (failed=0)
  [pool] 9,600 done  7.58 item/s  ~89 min left  (failed=0)
  [pool] 9,625 done  7.57 item/s  ~89 min left  (failed=0)
  [pool] 9,650 done  7.55 item/s  ~89 min left  (failed=0)
  [pool] 9,675 done  7.54 item/s  ~89 min left  (failed=0)
  [pool] 9,700 done  7.52 item/s  ~89 min left  (failed=0)
  [pool] 9,725 done  7.51 item/s  ~89 min left  (failed=0)
  [pool] 9,750 done  7.50 item/s  ~89 min left  (failed=0)
  [pool] 9,775 done  7.49 item/s  ~89 min left  (failed=0)
  [pool] 9,800 done  7.48 item/s  ~90 min left  (failed=0)
  [pool] 9,825 done  7.46 item/s  ~90 min left  (failed=0)
  [pool] 9,850 done  7.44 item/s  ~90 min left  (failed=0)
  [pool] 9,875 done  7.43 item/s  ~90 min left  (failed=0)
  [pool] 9,900 done  7.42 item/s  ~90 min left  (failed=0)
  [pool] 9,925 done  7.41 item/s  ~90 min left  (failed=0)
  [pool] 9,950 done  7.39 item/s  ~90 min left  (failed=0)
  [pool] 9,975 done  7.38 item/s  ~90 min left  (failed=0)
  [pool] 10,000 done  7.37 item/s  ~90 min left  (failed=0)
  [pool] 10,025 done  7.36 item/s  ~91 min left  (failed=0)
  [pool] 10,050 done  7.35 item/s  ~91 min left  (failed=0)
  [pool] 10,075 done  7.34 item/s  ~91 min left  (failed=0)
  [pool] 10,100 done  7.32 item/s  ~91 min left  (failed=0)
  [pool] 10,125 done  7.31 item/s  ~91 min left  (failed=0)
  [pool] 10,150 done  7.30 item/s  ~91 min left  (failed=0)
  [pool] 10,175 done  7.29 item/s  ~91 min left  (failed=0)
  [pool] 10,200 done  7.28 item/s  ~91 min left  (failed=0)
  [pool] 10,225 done  7.27 item/s  ~91 min left  (failed=0)
  [pool] 10,250 done  7.26 item/s  ~91 min left  (failed=0)
  [pool] 10,275 done  7.24 item/s  ~91 min left  (failed=0)
  [pool] 10,300 done  7.23 item/s  ~91 min left  (failed=0)
  [pool] 10,325 done  7.22 item/s  ~92 min left  (failed=0)
  [pool] 10,350 done  7.21 item/s  ~92 min left  (failed=0)
  [pool] 10,375 done  7.20 item/s  ~92 min left  (failed=0)
  [pool] 10,400 done  7.19 item/s  ~92 min left  (failed=0)
  [pool] 10,425 done  7.18 item/s  ~92 min left  (failed=0)
  [pool] 10,450 done  7.17 item/s  ~92 min left  (failed=0)
  [pool] 10,475 done  7.16 item/s  ~92 min left  (failed=0)
  [pool] 10,500 done  7.15 item/s  ~92 min left  (failed=0)
  [pool] 10,525 done  7.14 item/s  ~92 min left  (failed=0)
  [pool] 10,550 done  7.13 item/s  ~92 min left  (failed=0)
  [pool] 10,575 done  7.12 item/s  ~92 min left  (failed=0)
  [pool] 10,600 done  7.11 item/s  ~92 min left  (failed=0)
  [pool] 10,625 done  7.10 item/s  ~92 min left  (failed=0)
  [pool] 10,650 done  7.09 item/s  ~93 min left  (failed=0)
  [pool] 10,675 done  7.08 item/s  ~93 min left  (failed=0)
  [pool] 10,700 done  7.06 item/s  ~93 min left  (failed=0)
  [pool] 10,725 done  7.06 item/s  ~93 min left  (failed=0)
  [pool] 10,750 done  7.04 item/s  ~93 min left  (failed=0)
  [pool] 10,775 done  7.03 item/s  ~93 min left  (failed=0)
  [pool] 10,800 done  7.03 item/s  ~93 min left  (failed=0)
  [pool] 10,825 done  7.02 item/s  ~93 min left  (failed=0)
  [pool] 10,850 done  7.01 item/s  ~93 min left  (failed=0)
  [pool] 10,875 done  7.00 item/s  ~93 min left  (failed=0)
  [pool] 10,900 done  6.99 item/s  ~93 min left  (failed=0)
  [pool] 10,925 done  6.98 item/s  ~93 min left  (failed=0)
  [pool] 10,950 done  6.97 item/s  ~93 min left  (failed=0)
  [pool] 10,975 done  6.96 item/s  ~93 min left  (failed=0)
  [pool] 11,000 done  6.95 item/s  ~94 min left  (failed=0)
  [pool] 11,025 done  6.94 item/s  ~94 min left  (failed=0)
  [pool] 11,050 done  6.93 item/s  ~94 min left  (failed=0)
  [pool] 11,075 done  6.93 item/s  ~94 min left  (failed=0)
  [pool] 11,100 done  6.92 item/s  ~94 min left  (failed=0)
  [pool] 11,125 done  6.91 item/s  ~94 min left  (failed=0)
  [pool] 11,150 done  6.90 item/s  ~94 min left  (failed=0)
  [pool] 11,175 done  6.89 item/s  ~94 min left  (failed=0)
  [pool] 11,200 done  6.88 item/s  ~94 min left  (failed=0)
  [pool] 11,225 done  6.87 item/s  ~94 min left  (failed=0)
  [pool] 11,250 done  6.86 item/s  ~94 min left  (failed=0)
  [pool] 11,275 done  6.85 item/s  ~94 min left  (failed=0)
  [pool] 11,300 done  6.84 item/s  ~94 min left  (failed=0)
  [pool] 11,325 done  6.84 item/s  ~94 min left  (failed=0)
  [pool] 11,350 done  6.83 item/s  ~94 min left  (failed=0)
  [pool] 11,375 done  6.82 item/s  ~94 min left  (failed=0)
  [pool] 11,400 done  6.81 item/s  ~94 min left  (failed=0)
  [pool] 11,425 done  6.80 item/s  ~94 min left  (failed=0)
  [pool] 11,450 done  6.80 item/s  ~95 min left  (failed=0)
  [pool] 11,475 done  6.79 item/s  ~95 min left  (failed=0)
  [pool] 11,500 done  6.78 item/s  ~95 min left  (failed=0)
  [pool] 11,525 done  6.77 item/s  ~95 min left  (failed=0)
  [pool] 11,550 done  6.77 item/s  ~95 min left  (failed=0)
  [pool] 11,575 done  6.76 item/s  ~95 min left  (failed=0)
  [pool] 11,600 done  6.75 item/s  ~95 min left  (failed=0)
  [pool] 11,625 done  6.74 item/s  ~95 min left  (failed=0)
  [pool] 11,650 done  6.74 item/s  ~95 min left  (failed=0)
  [pool] 11,675 done  6.73 item/s  ~95 min left  (failed=0)
  [pool] 11,700 done  6.72 item/s  ~95 min left  (failed=0)
  [pool] 11,725 done  6.71 item/s  ~95 min left  (failed=0)
  [pool] 11,750 done  6.71 item/s  ~95 min left  (failed=0)
  [pool] 11,775 done  6.70 item/s  ~95 min left  (failed=0)
  [pool] 11,800 done  6.70 item/s  ~95 min left  (failed=0)
  [pool] 11,825 done  6.69 item/s  ~95 min left  (failed=0)
  [pool] 11,850 done  6.68 item/s  ~95 min left  (failed=0)
  [pool] 11,875 done  6.67 item/s  ~95 min left  (failed=0)
  [pool] 11,900 done  6.67 item/s  ~95 min left  (failed=0)
  [pool] 11,925 done  6.66 item/s  ~95 min left  (failed=0)
  [pool] 11,950 done  6.65 item/s  ~95 min left  (failed=0)
  [pool] 11,975 done  6.65 item/s  ~95 min left  (failed=0)
  [pool] 12,000 done  6.64 item/s  ~95 min left  (failed=0)
  [pool] 12,025 done  6.62 item/s  ~96 min left  (failed=0)
  [pool] 12,050 done  6.61 item/s  ~96 min left  (failed=0)
  [pool] 12,075 done  6.60 item/s  ~96 min left  (failed=0)
  [pool] 12,100 done  6.59 item/s  ~96 min left  (failed=0)
  [pool] 12,125 done  6.59 item/s  ~96 min left  (failed=0)
  [pool] 12,150 done  6.58 item/s  ~96 min left  (failed=0)
  [pool] 12,175 done  6.57 item/s  ~96 min left  (failed=0)
  [pool] 12,200 done  6.57 item/s  ~96 min left  (failed=0)
  [pool] 12,225 done  6.56 item/s  ~96 min left  (failed=0)
  [pool] 12,250 done  6.55 item/s  ~96 min left  (failed=0)
  [pool] 12,275 done  6.54 item/s  ~96 min left  (failed=0)
  [pool] 12,300 done  6.54 item/s  ~96 min left  (failed=0)
  [pool] 12,325 done  6.53 item/s  ~96 min left  (failed=0)
  [pool] 12,350 done  6.52 item/s  ~96 min left  (failed=0)
  [pool] 12,375 done  6.52 item/s  ~96 min left  (failed=0)
  [pool] 12,400 done  6.51 item/s  ~96 min left  (failed=0)
  [pool] 12,425 done  6.50 item/s  ~96 min left  (failed=0)
  [pool] 12,450 done  6.50 item/s  ~96 min left  (failed=0)
  [pool] 12,475 done  6.49 item/s  ~96 min left  (failed=0)
  [pool] 12,500 done  6.49 item/s  ~96 min left  (failed=0)
  [pool] 12,525 done  6.48 item/s  ~96 min left  (failed=0)
  [pool] 12,550 done  6.48 item/s  ~96 min left  (failed=0)
  [pool] 12,575 done  6.47 item/s  ~96 min left  (failed=0)
  [pool] 12,600 done  6.46 item/s  ~96 min left  (failed=0)
  [pool] 12,625 done  6.46 item/s  ~96 min left  (failed=0)
  [pool] 12,650 done  6.45 item/s  ~96 min left  (failed=0)
  [pool] 12,675 done  6.45 item/s  ~96 min left  (failed=0)
  [pool] 12,700 done  6.44 item/s  ~97 min left  (failed=0)
  [pool] 12,725 done  6.44 item/s  ~97 min left  (failed=0)
  [pool] 12,750 done  6.43 item/s  ~97 min left  (failed=0)
  [pool] 12,775 done  6.42 item/s  ~97 min left  (failed=0)
  [pool] 12,800 done  6.42 item/s  ~97 min left  (failed=0)
  [pool] 12,825 done  6.41 item/s  ~97 min left  (failed=0)
  [pool] 12,850 done  6.41 item/s  ~97 min left  (failed=0)
  [pool] 12,875 done  6.40 item/s  ~97 min left  (failed=0)
  [pool] 12,900 done  6.40 item/s  ~97 min left  (failed=0)
  [pool] 12,925 done  6.39 item/s  ~97 min left  (failed=0)
  [pool] 12,950 done  6.38 item/s  ~97 min left  (failed=0)
  [pool] 12,975 done  6.38 item/s  ~97 min left  (failed=0)
  [pool] 13,000 done  6.38 item/s  ~97 min left  (failed=0)
  [pool] 13,025 done  6.37 item/s  ~97 min left  (failed=0)
  [pool] 13,050 done  6.36 item/s  ~97 min left  (failed=0)
  [pool] 13,075 done  6.36 item/s  ~97 min left  (failed=0)
  [pool] 13,100 done  6.35 item/s  ~97 min left  (failed=0)
  [pool] 13,125 done  6.35 item/s  ~97 min left  (failed=0)
  [pool] 13,150 done  6.34 item/s  ~97 min left  (failed=0)
  [pool] 13,175 done  6.34 item/s  ~97 min left  (failed=0)
  [pool] 13,200 done  6.33 item/s  ~97 min left  (failed=0)
  [pool] 13,225 done  6.33 item/s  ~97 min left  (failed=0)
  [pool] 13,250 done  6.32 item/s  ~97 min left  (failed=0)
  [pool] 13,275 done  6.32 item/s  ~97 min left  (failed=0)
  [pool] 13,300 done  6.31 item/s  ~97 min left  (failed=0)
  [pool] 13,325 done  6.31 item/s  ~97 min left  (failed=0)
  [pool] 13,350 done  6.30 item/s  ~97 min left  (failed=0)
  [pool] 13,375 done  6.30 item/s  ~97 min left  (failed=0)
  [pool] 13,400 done  6.29 item/s  ~97 min left  (failed=0)
  [pool] 13,425 done  6.29 item/s  ~97 min left  (failed=0)
  [pool] 13,450 done  6.28 item/s  ~97 min left  (failed=0)
  [pool] 13,475 done  6.28 item/s  ~97 min left  (failed=0)
  [pool] 13,500 done  6.27 item/s  ~97 min left  (failed=0)
  [pool] 13,525 done  6.27 item/s  ~97 min left  (failed=0)
  [pool] 13,550 done  6.26 item/s  ~97 min left  (failed=0)
  [pool] 13,575 done  6.26 item/s  ~97 min left  (failed=0)
  [pool] 13,600 done  6.25 item/s  ~97 min left  (failed=0)
  [pool] 13,625 done  6.25 item/s  ~97 min left  (failed=0)
  [pool] 13,650 done  6.24 item/s  ~97 min left  (failed=0)
  [pool] 13,675 done  6.24 item/s  ~97 min left  (failed=0)
  [pool] 13,700 done  6.23 item/s  ~97 min left  (failed=0)
  [pool] 13,725 done  6.23 item/s  ~97 min left  (failed=0)
  [pool] 13,750 done  6.22 item/s  ~97 min left  (failed=0)
  [pool] 13,775 done  6.22 item/s  ~97 min left  (failed=0)
  [pool] 13,800 done  6.21 item/s  ~97 min left  (failed=0)
  [pool] 13,825 done  6.21 item/s  ~97 min left  (failed=0)
  [pool] 13,850 done  6.21 item/s  ~97 min left  (failed=0)
  [pool] 13,875 done  6.20 item/s  ~97 min left  (failed=0)
  [pool] 13,900 done  6.20 item/s  ~97 min left  (failed=0)
  [pool] 13,925 done  6.19 item/s  ~97 min left  (failed=0)
  [pool] 13,950 done  6.19 item/s  ~97 min left  (failed=0)
  [pool] 13,975 done  6.18 item/s  ~97 min left  (failed=0)
  [pool] 14,000 done  6.18 item/s  ~97 min left  (failed=0)
  [pool] 14,025 done  6.17 item/s  ~97 min left  (failed=0)
  [pool] 14,050 done  6.17 item/s  ~97 min left  (failed=0)
  [pool] 14,075 done  6.17 item/s  ~97 min left  (failed=0)
  [pool] 14,100 done  6.16 item/s  ~97 min left  (failed=0)
  [pool] 14,125 done  6.16 item/s  ~97 min left  (failed=0)
  [pool] 14,150 done  6.15 item/s  ~97 min left  (failed=0)
  [pool] 14,175 done  6.15 item/s  ~97 min left  (failed=0)
  [pool] 14,200 done  6.15 item/s  ~97 min left  (failed=0)
  [pool] 14,225 done  6.14 item/s  ~97 min left  (failed=0)
  [pool] 14,250 done  6.14 item/s  ~97 min left  (failed=0)
  [pool] 14,275 done  6.13 item/s  ~97 min left  (failed=0)
  [pool] 14,300 done  6.13 item/s  ~97 min left  (failed=0)
  [pool] 14,325 done  6.13 item/s  ~97 min left  (failed=0)
  [pool] 14,350 done  6.12 item/s  ~97 min left  (failed=0)
  [pool] 14,375 done  6.12 item/s  ~97 min left  (failed=0)
  [pool] 14,400 done  6.11 item/s  ~97 min left  (failed=0)
  [pool] 14,425 done  6.11 item/s  ~97 min left  (failed=0)
  [pool] 14,450 done  6.10 item/s  ~97 min left  (failed=0)
  [pool] 14,475 done  6.10 item/s  ~97 min left  (failed=0)
  [pool] 14,500 done  6.10 item/s  ~97 min left  (failed=0)
  [pool] 14,525 done  6.09 item/s  ~97 min left  (failed=0)
  [pool] 14,550 done  6.09 item/s  ~97 min left  (failed=0)
  [pool] 14,575 done  6.08 item/s  ~97 min left  (failed=0)
  [pool] 14,600 done  6.08 item/s  ~97 min left  (failed=0)
  [pool] 14,625 done  6.08 item/s  ~97 min left  (failed=0)
  [pool] 14,650 done  6.07 item/s  ~97 min left  (failed=0)
  [pool] 14,675 done  6.07 item/s  ~97 min left  (failed=0)
  [pool] 14,700 done  6.07 item/s  ~97 min left  (failed=0)
  [pool] 14,725 done  6.07 item/s  ~97 min left  (failed=0)
  [pool] 14,750 done  6.06 item/s  ~97 min left  (failed=0)
  [pool] 14,775 done  6.06 item/s  ~97 min left  (failed=0)
  [pool] 14,800 done  6.06 item/s  ~97 min left  (failed=0)
  [pool] 14,825 done  6.05 item/s  ~97 min left  (failed=0)
  [pool] 14,850 done  6.05 item/s  ~97 min left  (failed=0)
  [pool] 14,875 done  6.04 item/s  ~97 min left  (failed=0)
  [pool] 14,900 done  6.04 item/s  ~97 min left  (failed=0)
  [pool] 14,925 done  6.04 item/s  ~97 min left  (failed=0)
  [pool] 14,950 done  6.03 item/s  ~97 min left  (failed=0)
  [pool] 14,975 done  6.03 item/s  ~97 min left  (failed=0)
  [pool] 15,000 done  6.03 item/s  ~97 min left  (failed=0)
  [pool] 15,025 done  6.02 item/s  ~97 min left  (failed=0)
  [pool] 15,050 done  6.02 item/s  ~97 min left  (failed=0)
  [pool] 15,075 done  6.01 item/s  ~97 min left  (failed=0)
  [pool] 15,100 done  6.01 item/s  ~97 min left  (failed=0)
  [pool] 15,125 done  6.01 item/s  ~97 min left  (failed=0)
  [pool] 15,150 done  6.01 item/s  ~97 min left  (failed=0)
  [pool] 15,175 done  6.00 item/s  ~97 min left  (failed=0)
  [pool] 15,200 done  6.00 item/s  ~97 min left  (failed=0)
  [pool] 15,225 done  5.99 item/s  ~97 min left  (failed=0)
  [pool] 15,250 done  5.99 item/s  ~97 min left  (failed=0)
  [pool] 15,275 done  5.98 item/s  ~97 min left  (failed=0)
  [pool] 15,300 done  5.98 item/s  ~97 min left  (failed=0)
  [pool] 15,325 done  5.98 item/s  ~97 min left  (failed=0)
  [pool] 15,350 done  5.97 item/s  ~97 min left  (failed=0)
  [pool] 15,375 done  5.97 item/s  ~97 min left  (failed=0)
  [pool] 15,400 done  5.97 item/s  ~97 min left  (failed=0)
  [pool] 15,425 done  5.96 item/s  ~97 min left  (failed=0)
  [pool] 15,450 done  5.96 item/s  ~97 min left  (failed=0)
  [pool] 15,475 done  5.96 item/s  ~97 min left  (failed=0)
  [pool] 15,500 done  5.95 item/s  ~97 min left  (failed=0)
  [pool] 15,525 done  5.95 item/s  ~97 min left  (failed=0)
  [pool] 15,550 done  5.95 item/s  ~97 min left  (failed=0)
  [pool] 15,575 done  5.95 item/s  ~97 min left  (failed=0)
  [pool] 15,600 done  5.94 item/s  ~97 min left  (failed=0)
  [pool] 15,625 done  5.94 item/s  ~96 min left  (failed=0)
  [pool] 15,650 done  5.94 item/s  ~96 min left  (failed=0)
  [pool] 15,675 done  5.93 item/s  ~96 min left  (failed=0)
  [pool] 15,700 done  5.93 item/s  ~96 min left  (failed=0)
  [pool] 15,725 done  5.93 item/s  ~96 min left  (failed=0)
  [pool] 15,750 done  5.92 item/s  ~96 min left  (failed=0)
  [pool] 15,775 done  5.92 item/s  ~96 min left  (failed=0)
  [pool] 15,800 done  5.92 item/s  ~96 min left  (failed=0)
  [pool] 15,825 done  5.92 item/s  ~96 min left  (failed=0)
  [pool] 15,850 done  5.91 item/s  ~96 min left  (failed=0)
  [pool] 15,875 done  5.91 item/s  ~96 min left  (failed=0)
  [pool] 15,900 done  5.90 item/s  ~96 min left  (failed=0)
  [pool] 15,925 done  5.90 item/s  ~96 min left  (failed=0)
  [pool] 15,950 done  5.90 item/s  ~96 min left  (failed=0)
  [pool] 15,975 done  5.90 item/s  ~96 min left  (failed=0)
  [pool] 16,000 done  5.89 item/s  ~96 min left  (failed=0)
  [pool] 16,025 done  5.89 item/s  ~96 min left  (failed=0)
  [pool] 16,050 done  5.89 item/s  ~96 min left  (failed=0)
  [pool] 16,075 done  5.88 item/s  ~96 min left  (failed=0)
  [pool] 16,100 done  5.88 item/s  ~96 min left  (failed=0)
  [pool] 16,125 done  5.88 item/s  ~96 min left  (failed=0)
  [pool] 16,150 done  5.88 item/s  ~96 min left  (failed=0)
  [pool] 16,175 done  5.87 item/s  ~96 min left  (failed=0)
  [pool] 16,200 done  5.87 item/s  ~96 min left  (failed=0)
  [pool] 16,225 done  5.87 item/s  ~96 min left  (failed=0)
  [pool] 16,250 done  5.87 item/s  ~96 min left  (failed=0)
  [pool] 16,275 done  5.86 item/s  ~96 min left  (failed=0)
  [pool] 16,300 done  5.86 item/s  ~96 min left  (failed=0)
  [pool] 16,325 done  5.86 item/s  ~96 min left  (failed=0)
  [pool] 16,350 done  5.85 item/s  ~96 min left  (failed=0)
  [pool] 16,375 done  5.85 item/s  ~96 min left  (failed=0)
  [pool] 16,400 done  5.85 item/s  ~96 min left  (failed=0)
  [pool] 16,425 done  5.85 item/s  ~96 min left  (failed=0)
  [pool] 16,450 done  5.84 item/s  ~96 min left  (failed=0)
  [pool] 16,475 done  5.84 item/s  ~96 min left  (failed=0)
  [pool] 16,500 done  5.84 item/s  ~96 min left  (failed=0)
  [pool] 16,525 done  5.83 item/s  ~96 min left  (failed=0)
  [pool] 16,550 done  5.83 item/s  ~96 min left  (failed=0)
  [pool] 16,575 done  5.83 item/s  ~96 min left  (failed=0)
  [pool] 16,600 done  5.83 item/s  ~96 min left  (failed=0)
  [pool] 16,625 done  5.82 item/s  ~96 min left  (failed=0)
  [pool] 16,650 done  5.82 item/s  ~96 min left  (failed=0)
  [pool] 16,675 done  5.82 item/s  ~95 min left  (failed=0)
  [pool] 16,700 done  5.81 item/s  ~95 min left  (failed=0)
  [pool] 16,725 done  5.81 item/s  ~95 min left  (failed=0)
  [pool] 16,750 done  5.81 item/s  ~95 min left  (failed=0)
  [pool] 16,775 done  5.80 item/s  ~95 min left  (failed=0)
  [pool] 16,800 done  5.80 item/s  ~95 min left  (failed=0)
  [pool] 16,825 done  5.80 item/s  ~95 min left  (failed=0)
  [pool] 16,850 done  5.79 item/s  ~95 min left  (failed=0)
  [pool] 16,875 done  5.79 item/s  ~95 min left  (failed=0)
  [pool] 16,900 done  5.79 item/s  ~95 min left  (failed=0)
  [pool] 16,925 done  5.78 item/s  ~95 min left  (failed=0)
  [pool] 16,950 done  5.78 item/s  ~95 min left  (failed=0)
  [pool] 16,975 done  5.78 item/s  ~95 min left  (failed=0)
  [pool] 17,000 done  5.78 item/s  ~95 min left  (failed=0)
  [pool] 17,025 done  5.77 item/s  ~95 min left  (failed=0)
  [pool] 17,050 done  5.77 item/s  ~95 min left  (failed=0)
  [pool] 17,075 done  5.77 item/s  ~95 min left  (failed=0)
  [pool] 17,100 done  5.77 item/s  ~95 min left  (failed=0)
  [pool] 17,125 done  5.76 item/s  ~95 min left  (failed=0)
  [pool] 17,150 done  5.76 item/s  ~95 min left  (failed=0)
  [pool] 17,175 done  5.76 item/s  ~95 min left  (failed=0)
  [pool] 17,200 done  5.76 item/s  ~95 min left  (failed=0)
  [pool] 17,225 done  5.75 item/s  ~95 min left  (failed=0)
  [pool] 17,250 done  5.75 item/s  ~95 min left  (failed=0)
  [pool] 17,275 done  5.75 item/s  ~95 min left  (failed=0)
  [pool] 17,300 done  5.75 item/s  ~95 min left  (failed=0)
  [pool] 17,325 done  5.75 item/s  ~95 min left  (failed=0)
  [pool] 17,350 done  5.75 item/s  ~95 min left  (failed=0)
  [pool] 17,375 done  5.74 item/s  ~95 min left  (failed=0)
  [pool] 17,400 done  5.74 item/s  ~95 min left  (failed=0)
  [pool] 17,425 done  5.73 item/s  ~95 min left  (failed=0)
  [pool] 17,450 done  5.73 item/s  ~95 min left  (failed=0)
  [pool] 17,475 done  5.73 item/s  ~95 min left  (failed=0)
  [pool] 17,500 done  5.73 item/s  ~95 min left  (failed=0)
  [pool] 17,525 done  5.72 item/s  ~95 min left  (failed=0)
  [pool] 17,550 done  5.72 item/s  ~95 min left  (failed=0)
  [pool] 17,575 done  5.72 item/s  ~95 min left  (failed=0)
  [pool] 17,600 done  5.72 item/s  ~94 min left  (failed=0)
  [pool] 17,625 done  5.71 item/s  ~94 min left  (failed=0)
  [pool] 17,650 done  5.71 item/s  ~94 min left  (failed=0)
  [pool] 17,675 done  5.71 item/s  ~94 min left  (failed=0)
  [pool] 17,700 done  5.71 item/s  ~94 min left  (failed=0)
  [pool] 17,725 done  5.70 item/s  ~94 min left  (failed=0)
  [pool] 17,750 done  5.70 item/s  ~94 min left  (failed=0)
  [pool] 17,775 done  5.70 item/s  ~94 min left  (failed=0)
  [pool] 17,800 done  5.70 item/s  ~94 min left  (failed=0)
  [pool] 17,825 done  5.70 item/s  ~94 min left  (failed=0)
  [pool] 17,850 done  5.70 item/s  ~94 min left  (failed=0)
  [pool] 17,875 done  5.69 item/s  ~94 min left  (failed=0)
  [pool] 17,900 done  5.69 item/s  ~94 min left  (failed=0)
  [pool] 17,925 done  5.69 item/s  ~94 min left  (failed=0)
  [pool] 17,950 done  5.69 item/s  ~94 min left  (failed=0)
  [pool] 17,975 done  5.68 item/s  ~94 min left  (failed=0)
  [pool] 18,000 done  5.68 item/s  ~94 min left  (failed=0)
  [pool] 18,025 done  5.68 item/s  ~94 min left  (failed=0)
  [pool] 18,050 done  5.68 item/s  ~94 min left  (failed=0)
  [pool] 18,075 done  5.68 item/s  ~94 min left  (failed=0)
  [pool] 18,100 done  5.67 item/s  ~94 min left  (failed=0)
  [pool] 18,125 done  5.67 item/s  ~94 min left  (failed=0)
  [pool] 18,150 done  5.67 item/s  ~94 min left  (failed=0)
  [pool] 18,175 done  5.67 item/s  ~94 min left  (failed=0)
  [pool] 18,200 done  5.66 item/s  ~94 min left  (failed=0)
  [pool] 18,225 done  5.66 item/s  ~94 min left  (failed=0)
  [pool] 18,250 done  5.66 item/s  ~93 min left  (failed=0)
  [pool] 18,275 done  5.66 item/s  ~93 min left  (failed=0)
  [pool] 18,300 done  5.66 item/s  ~93 min left  (failed=0)
  [pool] 18,325 done  5.65 item/s  ~93 min left  (failed=0)
  [pool] 18,350 done  5.65 item/s  ~93 min left  (failed=0)
  [pool] 18,375 done  5.65 item/s  ~93 min left  (failed=0)
  [pool] 18,400 done  5.65 item/s  ~93 min left  (failed=0)
  [pool] 18,425 done  5.65 item/s  ~93 min left  (failed=0)
  [pool] 18,450 done  5.64 item/s  ~93 min left  (failed=0)
  [pool] 18,475 done  5.64 item/s  ~93 min left  (failed=0)
  [pool] 18,500 done  5.64 item/s  ~93 min left  (failed=0)
  [pool] 18,525 done  5.64 item/s  ~93 min left  (failed=0)
  [pool] 18,550 done  5.63 item/s  ~93 min left  (failed=0)
  [pool] 18,575 done  5.63 item/s  ~93 min left  (failed=0)
  [pool] 18,600 done  5.63 item/s  ~93 min left  (failed=0)
  [pool] 18,625 done  5.63 item/s  ~93 min left  (failed=0)
  [pool] 18,650 done  5.63 item/s  ~93 min left  (failed=0)
  [pool] 18,675 done  5.62 item/s  ~93 min left  (failed=0)
  [pool] 18,700 done  5.62 item/s  ~93 min left  (failed=0)
  [pool] 18,725 done  5.62 item/s  ~93 min left  (failed=0)
  [pool] 18,750 done  5.62 item/s  ~93 min left  (failed=0)
  [pool] 18,775 done  5.62 item/s  ~93 min left  (failed=0)
  [pool] 18,800 done  5.61 item/s  ~93 min left  (failed=0)
  [pool] 18,825 done  5.61 item/s  ~93 min left  (failed=0)
  [pool] 18,850 done  5.61 item/s  ~93 min left  (failed=0)
  [pool] 18,875 done  5.61 item/s  ~93 min left  (failed=0)
  [pool] 18,900 done  5.61 item/s  ~92 min left  (failed=0)
  [pool] 18,925 done  5.60 item/s  ~92 min left  (failed=0)
  [pool] 18,950 done  5.60 item/s  ~92 min left  (failed=0)
  [pool] 18,975 done  5.60 item/s  ~92 min left  (failed=0)
  [pool] 19,000 done  5.60 item/s  ~92 min left  (failed=0)
  [pool] 19,025 done  5.60 item/s  ~92 min left  (failed=0)
  [pool] 19,050 done  5.59 item/s  ~92 min left  (failed=0)
  [pool] 19,075 done  5.59 item/s  ~92 min left  (failed=0)
  [pool] 19,100 done  5.59 item/s  ~92 min left  (failed=0)
  [pool] 19,125 done  5.59 item/s  ~92 min left  (failed=0)
  [pool] 19,150 done  5.59 item/s  ~92 min left  (failed=0)
  [pool] 19,175 done  5.59 item/s  ~92 min left  (failed=0)
  [pool] 19,200 done  5.58 item/s  ~92 min left  (failed=0)
  [pool] 19,225 done  5.58 item/s  ~92 min left  (failed=0)
  [pool] 19,250 done  5.58 item/s  ~92 min left  (failed=0)
  [pool] 19,275 done  5.58 item/s  ~92 min left  (failed=0)
  [pool] 19,300 done  5.57 item/s  ~92 min left  (failed=0)
  [pool] 19,325 done  5.57 item/s  ~92 min left  (failed=0)
  [pool] 19,350 done  5.57 item/s  ~92 min left  (failed=0)
  [pool] 19,375 done  5.57 item/s  ~92 min left  (failed=0)
  [pool] 19,400 done  5.57 item/s  ~92 min left  (failed=0)
  [pool] 19,425 done  5.57 item/s  ~92 min left  (failed=0)
  [pool] 19,450 done  5.57 item/s  ~91 min left  (failed=0)
  [pool] 19,475 done  5.56 item/s  ~91 min left  (failed=0)
  [pool] 19,500 done  5.56 item/s  ~91 min left  (failed=0)
  [pool] 19,525 done  5.56 item/s  ~91 min left  (failed=0)
  [pool] 19,550 done  5.55 item/s  ~91 min left  (failed=0)
  [pool] 19,575 done  5.55 item/s  ~91 min left  (failed=0)
  [pool] 19,600 done  5.55 item/s  ~91 min left  (failed=0)
  [pool] 19,625 done  5.55 item/s  ~91 min left  (failed=0)
  [pool] 19,650 done  5.55 item/s  ~91 min left  (failed=0)
  [pool] 19,675 done  5.55 item/s  ~91 min left  (failed=0)
  [pool] 19,700 done  5.54 item/s  ~91 min left  (failed=0)
  [pool] 19,725 done  5.54 item/s  ~91 min left  (failed=0)
  [pool] 19,750 done  5.54 item/s  ~91 min left  (failed=0)
  [pool] 19,775 done  5.54 item/s  ~91 min left  (failed=0)
  [pool] 19,800 done  5.54 item/s  ~91 min left  (failed=0)
  [pool] 19,825 done  5.53 item/s  ~91 min left  (failed=0)
  [pool] 19,850 done  5.53 item/s  ~91 min left  (failed=0)
  [pool] 19,875 done  5.53 item/s  ~91 min left  (failed=0)
  [pool] 19,900 done  5.53 item/s  ~91 min left  (failed=0)
  [pool] 19,925 done  5.53 item/s  ~91 min left  (failed=0)
  [pool] 19,950 done  5.52 item/s  ~91 min left  (failed=0)
  [pool] 19,975 done  5.52 item/s  ~91 min left  (failed=0)
  [pool] 20,000 done  5.52 item/s  ~91 min left  (failed=0)
  [pool] 20,025 done  5.52 item/s  ~91 min left  (failed=0)
  [pool] 20,050 done  5.52 item/s  ~90 min left  (failed=0)
  [pool] 20,075 done  5.52 item/s  ~90 min left  (failed=0)
  [pool] 20,100 done  5.51 item/s  ~90 min left  (failed=0)
  [pool] 20,125 done  5.51 item/s  ~90 min left  (failed=0)
  [pool] 20,150 done  5.51 item/s  ~90 min left  (failed=0)
  [pool] 20,175 done  5.51 item/s  ~90 min left  (failed=0)
  [pool] 20,200 done  5.51 item/s  ~90 min left  (failed=0)
  [pool] 20,225 done  5.51 item/s  ~90 min left  (failed=0)
  [pool] 20,250 done  5.50 item/s  ~90 min left  (failed=0)
  [pool] 20,275 done  5.50 item/s  ~90 min left  (failed=0)
  [pool] 20,300 done  5.50 item/s  ~90 min left  (failed=0)
  [pool] 20,325 done  5.50 item/s  ~90 min left  (failed=0)
  [pool] 20,350 done  5.50 item/s  ~90 min left  (failed=0)
  [pool] 20,375 done  5.50 item/s  ~90 min left  (failed=0)
  [pool] 20,400 done  5.49 item/s  ~90 min left  (failed=0)
  [pool] 20,425 done  5.49 item/s  ~90 min left  (failed=0)
  [pool] 20,450 done  5.49 item/s  ~90 min left  (failed=0)
  [pool] 20,475 done  5.49 item/s  ~90 min left  (failed=0)
  [pool] 20,500 done  5.49 item/s  ~90 min left  (failed=0)
  [pool] 20,525 done  5.49 item/s  ~90 min left  (failed=0)
  [pool] 20,550 done  5.48 item/s  ~90 min left  (failed=0)
  [pool] 20,575 done  5.48 item/s  ~89 min left  (failed=0)
  [pool] 20,600 done  5.48 item/s  ~89 min left  (failed=0)
  [pool] 20,625 done  5.48 item/s  ~89 min left  (failed=0)
  [pool] 20,650 done  5.48 item/s  ~89 min left  (failed=0)
  [pool] 20,675 done  5.48 item/s  ~89 min left  (failed=0)
  [pool] 20,700 done  5.48 item/s  ~89 min left  (failed=0)
  [pool] 20,725 done  5.47 item/s  ~89 min left  (failed=0)
  [pool] 20,750 done  5.47 item/s  ~89 min left  (failed=0)
  [pool] 20,775 done  5.47 item/s  ~89 min left  (failed=0)
  [pool] 20,800 done  5.47 item/s  ~89 min left  (failed=0)
  [pool] 20,825 done  5.47 item/s  ~89 min left  (failed=0)
  [pool] 20,850 done  5.47 item/s  ~89 min left  (failed=0)
  [pool] 20,875 done  5.47 item/s  ~89 min left  (failed=0)
  [pool] 20,900 done  5.46 item/s  ~89 min left  (failed=0)
  [pool] 20,925 done  5.46 item/s  ~89 min left  (failed=0)
  [pool] 20,950 done  5.46 item/s  ~89 min left  (failed=0)
  [pool] 20,975 done  5.46 item/s  ~89 min left  (failed=0)
  [pool] 21,000 done  5.46 item/s  ~89 min left  (failed=0)
  [pool] 21,025 done  5.46 item/s  ~89 min left  (failed=0)
  [pool] 21,050 done  5.45 item/s  ~88 min left  (failed=0)
  [pool] 21,075 done  5.45 item/s  ~88 min left  (failed=0)
  [pool] 21,100 done  5.45 item/s  ~88 min left  (failed=0)
  [pool] 21,125 done  5.45 item/s  ~88 min left  (failed=0)
  [pool] 21,150 done  5.45 item/s  ~88 min left  (failed=0)
  [pool] 21,175 done  5.45 item/s  ~88 min left  (failed=0)
  [pool] 21,200 done  5.44 item/s  ~88 min left  (failed=0)
  [pool] 21,225 done  5.44 item/s  ~88 min left  (failed=0)
  [pool] 21,250 done  5.44 item/s  ~88 min left  (failed=0)
  [pool] 21,275 done  5.44 item/s  ~88 min left  (failed=0)
  [pool] 21,300 done  5.44 item/s  ~88 min left  (failed=0)
  [pool] 21,325 done  5.44 item/s  ~88 min left  (failed=0)
  [pool] 21,350 done  5.44 item/s  ~88 min left  (failed=0)
  [pool] 21,375 done  5.44 item/s  ~88 min left  (failed=0)
  [pool] 21,400 done  5.44 item/s  ~88 min left  (failed=0)
  [pool] 21,425 done  5.43 item/s  ~88 min left  (failed=0)
  [pool] 21,450 done  5.43 item/s  ~88 min left  (failed=0)
  [pool] 21,475 done  5.43 item/s  ~88 min left  (failed=0)
  [pool] 21,500 done  5.43 item/s  ~87 min left  (failed=0)
  [pool] 21,525 done  5.43 item/s  ~87 min left  (failed=0)
  [pool] 21,550 done  5.43 item/s  ~87 min left  (failed=0)
  [pool] 21,575 done  5.42 item/s  ~87 min left  (failed=0)
  [pool] 21,600 done  5.42 item/s  ~87 min left  (failed=0)
  [pool] 21,625 done  5.42 item/s  ~87 min left  (failed=0)
  [pool] 21,650 done  5.42 item/s  ~87 min left  (failed=0)
  [pool] 21,675 done  5.42 item/s  ~87 min left  (failed=0)
  [pool] 21,700 done  5.42 item/s  ~87 min left  (failed=0)
  [pool] 21,725 done  5.42 item/s  ~87 min left  (failed=0)
  [pool] 21,750 done  5.42 item/s  ~87 min left  (failed=0)
  [pool] 21,775 done  5.41 item/s  ~87 min left  (failed=0)
  [pool] 21,800 done  5.42 item/s  ~87 min left  (failed=0)
  [pool] 21,825 done  5.41 item/s  ~87 min left  (failed=0)
  [pool] 21,850 done  5.41 item/s  ~87 min left  (failed=0)
  [pool] 21,875 done  5.41 item/s  ~87 min left  (failed=0)
  [pool] 21,900 done  5.41 item/s  ~87 min left  (failed=0)
  [pool] 21,925 done  5.41 item/s  ~87 min left  (failed=0)
  [pool] 21,950 done  5.41 item/s  ~86 min left  (failed=0)
  [pool] 21,975 done  5.40 item/s  ~86 min left  (failed=0)
  [pool] 22,000 done  5.40 item/s  ~86 min left  (failed=0)
  [pool] 22,025 done  5.40 item/s  ~86 min left  (failed=0)
  [pool] 22,050 done  5.40 item/s  ~86 min left  (failed=0)
  [pool] 22,075 done  5.40 item/s  ~86 min left  (failed=0)
  [pool] 22,100 done  5.40 item/s  ~86 min left  (failed=0)
  [pool] 22,125 done  5.40 item/s  ~86 min left  (failed=0)
  [pool] 22,150 done  5.40 item/s  ~86 min left  (failed=0)
  [pool] 22,175 done  5.40 item/s  ~86 min left  (failed=0)
  [pool] 22,200 done  5.39 item/s  ~86 min left  (failed=0)
  [pool] 22,225 done  5.39 item/s  ~86 min left  (failed=0)
  [pool] 22,250 done  5.39 item/s  ~86 min left  (failed=0)
  [pool] 22,275 done  5.39 item/s  ~86 min left  (failed=0)
  [pool] 22,300 done  5.39 item/s  ~86 min left  (failed=0)
  [pool] 22,325 done  5.39 item/s  ~86 min left  (failed=0)
  [pool] 22,350 done  5.39 item/s  ~86 min left  (failed=0)
  [pool] 22,375 done  5.38 item/s  ~86 min left  (failed=0)
  [pool] 22,400 done  5.38 item/s  ~85 min left  (failed=0)
  [pool] 22,425 done  5.38 item/s  ~85 min left  (failed=0)
  [pool] 22,450 done  5.38 item/s  ~85 min left  (failed=0)
  [pool] 22,475 done  5.38 item/s  ~85 min left  (failed=0)
  [pool] 22,500 done  5.38 item/s  ~85 min left  (failed=0)
  [pool] 22,525 done  5.38 item/s  ~85 min left  (failed=0)
  [pool] 22,550 done  5.38 item/s  ~85 min left  (failed=0)
  [pool] 22,575 done  5.37 item/s  ~85 min left  (failed=0)
  [pool] 22,600 done  5.37 item/s  ~85 min left  (failed=0)
  [pool] 22,625 done  5.37 item/s  ~85 min left  (failed=0)
  [pool] 22,650 done  5.37 item/s  ~85 min left  (failed=0)
  [pool] 22,675 done  5.37 item/s  ~85 min left  (failed=0)
  [pool] 22,700 done  5.37 item/s  ~85 min left  (failed=0)
  [pool] 22,725 done  5.37 item/s  ~85 min left  (failed=0)
  [pool] 22,750 done  5.37 item/s  ~85 min left  (failed=0)
  [pool] 22,775 done  5.36 item/s  ~85 min left  (failed=0)
  [pool] 22,800 done  5.36 item/s  ~85 min left  (failed=0)
  [pool] 22,825 done  5.36 item/s  ~84 min left  (failed=0)
  [pool] 22,850 done  5.36 item/s  ~84 min left  (failed=0)
  [pool] 22,875 done  5.36 item/s  ~84 min left  (failed=0)
  [pool] 22,900 done  5.36 item/s  ~84 min left  (failed=0)
  [pool] 22,925 done  5.36 item/s  ~84 min left  (failed=0)
  [pool] 22,950 done  5.36 item/s  ~84 min left  (failed=0)
  [pool] 22,975 done  5.35 item/s  ~84 min left  (failed=0)
  [pool] 23,000 done  5.35 item/s  ~84 min left  (failed=0)
  [pool] 23,025 done  5.35 item/s  ~84 min left  (failed=0)
  [pool] 23,050 done  5.35 item/s  ~84 min left  (failed=0)
  [pool] 23,075 done  5.35 item/s  ~84 min left  (failed=0)
  [pool] 23,100 done  5.35 item/s  ~84 min left  (failed=0)
  [pool] 23,125 done  5.35 item/s  ~84 min left  (failed=0)
  [pool] 23,150 done  5.35 item/s  ~84 min left  (failed=0)
  [pool] 23,175 done  5.35 item/s  ~84 min left  (failed=0)
  [pool] 23,200 done  5.34 item/s  ~84 min left  (failed=0)
  [pool] 23,225 done  5.34 item/s  ~84 min left  (failed=0)
  [pool] 23,250 done  5.34 item/s  ~83 min left  (failed=0)
  [pool] 23,275 done  5.34 item/s  ~83 min left  (failed=0)
  [pool] 23,300 done  5.34 item/s  ~83 min left  (failed=0)
  [pool] 23,325 done  5.34 item/s  ~83 min left  (failed=0)
  [pool] 23,350 done  5.34 item/s  ~83 min left  (failed=0)
  [pool] 23,375 done  5.34 item/s  ~83 min left  (failed=0)
  [pool] 23,400 done  5.33 item/s  ~83 min left  (failed=0)
  [pool] 23,425 done  5.33 item/s  ~83 min left  (failed=0)
  [pool] 23,450 done  5.33 item/s  ~83 min left  (failed=0)
  [pool] 23,475 done  5.33 item/s  ~83 min left  (failed=0)
  [pool] 23,500 done  5.33 item/s  ~83 min left  (failed=0)
  [pool] 23,525 done  5.33 item/s  ~83 min left  (failed=0)
  [pool] 23,550 done  5.33 item/s  ~83 min left  (failed=0)
  [pool] 23,575 done  5.33 item/s  ~83 min left  (failed=0)
  [pool] 23,600 done  5.32 item/s  ~83 min left  (failed=0)
  [pool] 23,625 done  5.32 item/s  ~83 min left  (failed=0)
  [pool] 23,650 done  5.32 item/s  ~83 min left  (failed=0)
  [pool] 23,675 done  5.32 item/s  ~82 min left  (failed=0)
  [pool] 23,700 done  5.32 item/s  ~82 min left  (failed=0)
  [pool] 23,725 done  5.32 item/s  ~82 min left  (failed=0)
  [pool] 23,750 done  5.32 item/s  ~82 min left  (failed=0)
  [pool] 23,775 done  5.32 item/s  ~82 min left  (failed=0)
  [pool] 23,800 done  5.32 item/s  ~82 min left  (failed=0)
  [pool] 23,825 done  5.31 item/s  ~82 min left  (failed=0)
  [pool] 23,850 done  5.31 item/s  ~82 min left  (failed=0)
  [pool] 23,875 done  5.31 item/s  ~82 min left  (failed=0)
  [pool] 23,900 done  5.31 item/s  ~82 min left  (failed=0)
  [pool] 23,925 done  5.31 item/s  ~82 min left  (failed=0)
  [pool] 23,950 done  5.31 item/s  ~82 min left  (failed=0)
  [pool] 23,975 done  5.31 item/s  ~82 min left  (failed=0)
  [pool] 24,000 done  5.31 item/s  ~82 min left  (failed=0)
  [pool] 24,025 done  5.31 item/s  ~82 min left  (failed=0)
  [pool] 24,050 done  5.31 item/s  ~82 min left  (failed=0)
  [pool] 24,075 done  5.30 item/s  ~81 min left  (failed=0)
  [pool] 24,100 done  5.30 item/s  ~81 min left  (failed=0)
  [pool] 24,125 done  5.30 item/s  ~81 min left  (failed=0)
  [pool] 24,150 done  5.30 item/s  ~81 min left  (failed=0)
  [pool] 24,175 done  5.30 item/s  ~81 min left  (failed=0)
  [pool] 24,200 done  5.30 item/s  ~81 min left  (failed=0)
  [pool] 24,225 done  5.30 item/s  ~81 min left  (failed=0)
  [pool] 24,250 done  5.29 item/s  ~81 min left  (failed=0)
  [pool] 24,275 done  5.29 item/s  ~81 min left  (failed=0)
  [pool] 24,300 done  5.29 item/s  ~81 min left  (failed=0)
  [pool] 24,325 done  5.29 item/s  ~81 min left  (failed=0)
  [pool] 24,350 done  5.29 item/s  ~81 min left  (failed=0)
  [pool] 24,375 done  5.29 item/s  ~81 min left  (failed=0)
  [pool] 24,400 done  5.29 item/s  ~81 min left  (failed=0)
  [pool] 24,425 done  5.29 item/s  ~81 min left  (failed=0)
  [pool] 24,450 done  5.29 item/s  ~81 min left  (failed=0)
  [pool] 24,475 done  5.28 item/s  ~81 min left  (failed=0)
  [pool] 24,500 done  5.28 item/s  ~80 min left  (failed=0)
  [pool] 24,525 done  5.28 item/s  ~80 min left  (failed=0)
  [pool] 24,550 done  5.28 item/s  ~80 min left  (failed=0)
  [pool] 24,575 done  5.28 item/s  ~80 min left  (failed=0)
  [pool] 24,600 done  5.28 item/s  ~80 min left  (failed=0)
  [pool] 24,625 done  5.28 item/s  ~80 min left  (failed=0)
  [pool] 24,650 done  5.28 item/s  ~80 min left  (failed=0)
  [pool] 24,675 done  5.28 item/s  ~80 min left  (failed=0)
  [pool] 24,700 done  5.28 item/s  ~80 min left  (failed=0)
  [pool] 24,725 done  5.27 item/s  ~80 min left  (failed=0)
  [pool] 24,750 done  5.27 item/s  ~80 min left  (failed=0)
  [pool] 24,775 done  5.27 item/s  ~80 min left  (failed=0)
  [pool] 24,800 done  5.27 item/s  ~80 min left  (failed=0)
  [pool] 24,825 done  5.27 item/s  ~80 min left  (failed=0)
  [pool] 24,850 done  5.27 item/s  ~80 min left  (failed=0)
  [pool] 24,875 done  5.27 item/s  ~79 min left  (failed=0)
  [pool] 24,900 done  5.27 item/s  ~79 min left  (failed=0)
  [pool] 24,925 done  5.27 item/s  ~79 min left  (failed=0)
  [pool] 24,950 done  5.27 item/s  ~79 min left  (failed=0)
  [pool] 24,975 done  5.27 item/s  ~79 min left  (failed=0)
  [pool] 25,000 done  5.27 item/s  ~79 min left  (failed=0)
  [pool] 25,025 done  5.26 item/s  ~79 min left  (failed=0)
  [pool] 25,050 done  5.26 item/s  ~79 min left  (failed=0)
  [pool] 25,075 done  5.26 item/s  ~79 min left  (failed=0)
  [pool] 25,100 done  5.26 item/s  ~79 min left  (failed=0)
  [pool] 25,125 done  5.26 item/s  ~79 min left  (failed=0)
  [pool] 25,150 done  5.26 item/s  ~79 min left  (failed=0)
  [pool] 25,175 done  5.26 item/s  ~79 min left  (failed=0)
  [pool] 25,200 done  5.26 item/s  ~79 min left  (failed=0)
  [pool] 25,225 done  5.26 item/s  ~79 min left  (failed=0)
  [pool] 25,250 done  5.26 item/s  ~78 min left  (failed=0)
  [pool] 25,275 done  5.25 item/s  ~78 min left  (failed=0)
  [pool] 25,300 done  5.25 item/s  ~78 min left  (failed=0)
  [pool] 25,325 done  5.25 item/s  ~78 min left  (failed=0)
  [pool] 25,350 done  5.25 item/s  ~78 min left  (failed=0)
  [pool] 25,375 done  5.25 item/s  ~78 min left  (failed=0)
  [pool] 25,400 done  5.25 item/s  ~78 min left  (failed=0)
  [pool] 25,425 done  5.25 item/s  ~78 min left  (failed=0)
  [pool] 25,450 done  5.25 item/s  ~78 min left  (failed=0)
  [pool] 25,475 done  5.25 item/s  ~78 min left  (failed=0)
  [pool] 25,500 done  5.25 item/s  ~78 min left  (failed=0)
  [pool] 25,525 done  5.24 item/s  ~78 min left  (failed=0)
  [pool] 25,550 done  5.24 item/s  ~78 min left  (failed=0)
  [pool] 25,575 done  5.24 item/s  ~78 min left  (failed=0)
  [pool] 25,600 done  5.24 item/s  ~78 min left  (failed=0)
  [pool] 25,625 done  5.24 item/s  ~78 min left  (failed=0)
  [pool] 25,650 done  5.24 item/s  ~77 min left  (failed=0)
  [pool] 25,675 done  5.24 item/s  ~77 min left  (failed=0)
  [pool] 25,700 done  5.24 item/s  ~77 min left  (failed=0)
  [pool] 25,725 done  5.23 item/s  ~77 min left  (failed=0)
  [pool] 25,750 done  5.23 item/s  ~77 min left  (failed=0)
  [pool] 25,775 done  5.23 item/s  ~77 min left  (failed=0)
  [pool] 25,800 done  5.23 item/s  ~77 min left  (failed=0)
  [pool] 25,825 done  5.23 item/s  ~77 min left  (failed=0)
  [pool] 25,850 done  5.23 item/s  ~77 min left  (failed=0)
  [pool] 25,875 done  5.23 item/s  ~77 min left  (failed=0)
  [pool] 25,900 done  5.23 item/s  ~77 min left  (failed=0)
  [pool] 25,925 done  5.23 item/s  ~77 min left  (failed=0)
  [pool] 25,950 done  5.23 item/s  ~77 min left  (failed=0)
  [pool] 25,975 done  5.22 item/s  ~77 min left  (failed=0)
  [pool] 26,000 done  5.22 item/s  ~77 min left  (failed=0)
  [pool] 26,025 done  5.22 item/s  ~77 min left  (failed=0)
  [pool] 26,050 done  5.22 item/s  ~76 min left  (failed=0)
  [pool] 26,075 done  5.22 item/s  ~76 min left  (failed=0)
  [pool] 26,100 done  5.22 item/s  ~76 min left  (failed=0)
  [pool] 26,125 done  5.22 item/s  ~76 min left  (failed=0)
  [pool] 26,150 done  5.22 item/s  ~76 min left  (failed=0)
  [pool] 26,175 done  5.22 item/s  ~76 min left  (failed=0)
  [pool] 26,200 done  5.22 item/s  ~76 min left  (failed=0)
  [pool] 26,225 done  5.21 item/s  ~76 min left  (failed=0)
  [pool] 26,250 done  5.21 item/s  ~76 min left  (failed=0)
  [pool] 26,275 done  5.21 item/s  ~76 min left  (failed=0)
  [pool] 26,300 done  5.21 item/s  ~76 min left  (failed=0)
  [pool] 26,325 done  5.21 item/s  ~76 min left  (failed=0)
  [pool] 26,350 done  5.21 item/s  ~76 min left  (failed=0)
  [pool] 26,375 done  5.21 item/s  ~76 min left  (failed=0)
  [pool] 26,400 done  5.21 item/s  ~75 min left  (failed=0)
  [pool] 26,425 done  5.21 item/s  ~75 min left  (failed=0)
  [pool] 26,450 done  5.21 item/s  ~75 min left  (failed=0)
  [pool] 26,475 done  5.21 item/s  ~75 min left  (failed=0)
  [pool] 26,500 done  5.21 item/s  ~75 min left  (failed=0)
  [pool] 26,525 done  5.21 item/s  ~75 min left  (failed=0)
  [pool] 26,550 done  5.21 item/s  ~75 min left  (failed=0)
  [pool] 26,575 done  5.20 item/s  ~75 min left  (failed=0)
  [pool] 26,600 done  5.20 item/s  ~75 min left  (failed=0)
  [pool] 26,625 done  5.20 item/s  ~75 min left  (failed=0)
  [pool] 26,650 done  5.20 item/s  ~75 min left  (failed=0)
  [pool] 26,675 done  5.20 item/s  ~75 min left  (failed=0)
  [pool] 26,700 done  5.20 item/s  ~75 min left  (failed=0)
  [pool] 26,725 done  5.20 item/s  ~75 min left  (failed=0)
  [pool] 26,750 done  5.20 item/s  ~75 min left  (failed=0)
  [pool] 26,775 done  5.20 item/s  ~74 min left  (failed=0)
  [pool] 26,800 done  5.20 item/s  ~74 min left  (failed=0)
  [pool] 26,825 done  5.19 item/s  ~74 min left  (failed=0)
  [pool] 26,850 done  5.19 item/s  ~74 min left  (failed=0)
  [pool] 26,875 done  5.19 item/s  ~74 min left  (failed=0)
  [pool] 26,900 done  5.19 item/s  ~74 min left  (failed=0)
  [pool] 26,925 done  5.19 item/s  ~74 min left  (failed=0)
  [pool] 26,950 done  5.19 item/s  ~74 min left  (failed=0)
  [pool] 26,975 done  5.19 item/s  ~74 min left  (failed=0)
  [pool] 27,000 done  5.19 item/s  ~74 min left  (failed=0)
  [pool] 27,025 done  5.19 item/s  ~74 min left  (failed=0)
  [pool] 27,050 done  5.19 item/s  ~74 min left  (failed=0)
  [pool] 27,075 done  5.18 item/s  ~74 min left  (failed=0)
  [pool] 27,100 done  5.18 item/s  ~74 min left  (failed=0)
  [pool] 27,125 done  5.18 item/s  ~74 min left  (failed=0)
  [pool] 27,150 done  5.18 item/s  ~74 min left  (failed=0)
  [pool] 27,175 done  5.18 item/s  ~73 min left  (failed=0)
  [pool] 27,200 done  5.18 item/s  ~73 min left  (failed=0)
  [pool] 27,225 done  5.18 item/s  ~73 min left  (failed=0)
  [pool] 27,250 done  5.18 item/s  ~73 min left  (failed=0)
  [pool] 27,275 done  5.17 item/s  ~73 min left  (failed=0)
  [pool] 27,300 done  5.17 item/s  ~73 min left  (failed=0)
  [pool] 27,325 done  5.17 item/s  ~73 min left  (failed=0)
  [pool] 27,350 done  5.17 item/s  ~73 min left  (failed=0)
  [pool] 27,375 done  5.17 item/s  ~73 min left  (failed=0)
  [pool] 27,400 done  5.17 item/s  ~73 min left  (failed=0)
  [pool] 27,425 done  5.17 item/s  ~73 min left  (failed=0)
  [pool] 27,450 done  5.17 item/s  ~73 min left  (failed=0)
  [pool] 27,475 done  5.17 item/s  ~73 min left  (failed=0)
  [pool] 27,500 done  5.17 item/s  ~73 min left  (failed=0)
  [pool] 27,525 done  5.17 item/s  ~73 min left  (failed=0)
  [pool] 27,550 done  5.16 item/s  ~72 min left  (failed=0)
  [pool] 27,575 done  5.16 item/s  ~72 min left  (failed=0)
  [pool] 27,600 done  5.16 item/s  ~72 min left  (failed=0)
  [pool] 27,625 done  5.16 item/s  ~72 min left  (failed=0)
  [pool] 27,650 done  5.16 item/s  ~72 min left  (failed=0)
  [pool] 27,675 done  5.16 item/s  ~72 min left  (failed=0)
  [pool] 27,700 done  5.16 item/s  ~72 min left  (failed=0)
  [pool] 27,725 done  5.16 item/s  ~72 min left  (failed=0)
  [pool] 27,750 done  5.15 item/s  ~72 min left  (failed=0)
  [pool] 27,775 done  5.15 item/s  ~72 min left  (failed=0)
  [pool] 27,800 done  5.15 item/s  ~72 min left  (failed=0)
  [pool] 27,825 done  5.15 item/s  ~72 min left  (failed=0)
  [pool] 27,850 done  5.15 item/s  ~72 min left  (failed=0)
  [pool] 27,875 done  5.15 item/s  ~72 min left  (failed=0)
  [pool] 27,900 done  5.15 item/s  ~72 min left  (failed=0)
  [pool] 27,925 done  5.15 item/s  ~71 min left  (failed=0)
  [pool] 27,950 done  5.15 item/s  ~71 min left  (failed=0)
  [pool] 27,975 done  5.15 item/s  ~71 min left  (failed=0)
  [pool] 28,000 done  5.15 item/s  ~71 min left  (failed=0)
  [pool] 28,025 done  5.15 item/s  ~71 min left  (failed=0)
  [pool] 28,050 done  5.14 item/s  ~71 min left  (failed=0)
  [pool] 28,075 done  5.14 item/s  ~71 min left  (failed=0)
  [pool] 28,100 done  5.14 item/s  ~71 min left  (failed=0)
  [pool] 28,125 done  5.14 item/s  ~71 min left  (failed=0)
  [pool] 28,150 done  5.14 item/s  ~71 min left  (failed=0)
  [pool] 28,175 done  5.14 item/s  ~71 min left  (failed=0)
  [pool] 28,200 done  5.14 item/s  ~71 min left  (failed=0)
  [pool] 28,225 done  5.09 item/s  ~71 min left  (failed=0)
  [pool] 28,250 done  5.05 item/s  ~72 min left  (failed=0)
  [pool] 28,275 done  5.01 item/s  ~72 min left  (failed=0)
  [pool] 28,300 done  4.97 item/s  ~73 min left  (failed=0)
  [pool] 28,325 done  4.93 item/s  ~73 min left  (failed=0)
  [pool] 28,350 done  4.89 item/s  ~74 min left  (failed=0)
  [pool] 28,375 done  4.85 item/s  ~74 min left  (failed=0)
  [pool] 28,400 done  4.82 item/s  ~75 min left  (failed=0)
  [pool] 28,425 done  4.78 item/s  ~75 min left  (failed=0)
  [pool] 28,450 done  4.74 item/s  ~76 min left  (failed=0)
  [pool] 28,475 done  4.71 item/s  ~76 min left  (failed=0)
  [pool] 28,500 done  4.67 item/s  ~77 min left  (failed=0)
  [pool] 28,525 done  4.64 item/s  ~77 min left  (failed=0)
  [pool] 28,550 done  4.60 item/s  ~78 min left  (failed=0)
  [pool] 28,575 done  4.57 item/s  ~78 min left  (failed=0)
  [pool] 28,600 done  4.54 item/s  ~79 min left  (failed=0)
  [pool] 28,625 done  4.50 item/s  ~79 min left  (failed=0)
  [pool] 28,650 done  4.47 item/s  ~80 min left  (failed=0)
  [pool] 28,675 done  4.44 item/s  ~80 min left  (failed=0)
  [pool] 28,700 done  4.41 item/s  ~81 min left  (failed=0)
  [pool] 28,725 done  4.38 item/s  ~81 min left  (failed=0)
  [pool] 28,750 done  4.35 item/s  ~81 min left  (failed=0)
  [pool] 28,775 done  4.32 item/s  ~82 min left  (failed=0)
  [pool] 28,800 done  4.29 item/s  ~82 min left  (failed=0)
  [pool] 28,825 done  4.26 item/s  ~83 min left  (failed=0)
  [pool] 28,850 done  4.23 item/s  ~83 min left  (failed=0)
  [pool] 28,875 done  4.21 item/s  ~84 min left  (failed=0)
  [pool] 28,900 done  4.18 item/s  ~84 min left  (failed=0)
  [pool] 28,925 done  4.15 item/s  ~85 min left  (failed=0)
  [pool] 28,950 done  4.13 item/s  ~85 min left  (failed=0)
  [pool] 28,975 done  4.10 item/s  ~85 min left  (failed=0)
  [pool] 29,000 done  4.08 item/s  ~86 min left  (failed=0)
  [pool] 29,025 done  4.05 item/s  ~86 min left  (failed=0)
  [pool] 29,050 done  4.03 item/s  ~87 min left  (failed=0)
  [pool] 29,075 done  4.00 item/s  ~87 min left  (failed=0)
  [pool] 29,100 done  3.98 item/s  ~88 min left  (failed=0)
  [pool] 29,125 done  3.95 item/s  ~88 min left  (failed=0)
  [pool] 29,150 done  3.93 item/s  ~88 min left  (failed=0)
  [pool] 29,175 done  3.91 item/s  ~89 min left  (failed=0)
  [pool] 29,200 done  3.88 item/s  ~89 min left  (failed=0)
  [pool] 29,225 done  3.86 item/s  ~90 min left  (failed=0)
  [pool] 29,250 done  3.84 item/s  ~90 min left  (failed=0)
  [pool] 29,275 done  3.82 item/s  ~91 min left  (failed=0)
  [pool] 29,300 done  3.79 item/s  ~91 min left  (failed=0)
  [pool] 29,325 done  3.77 item/s  ~91 min left  (failed=0)
  [pool] 29,350 done  3.75 item/s  ~92 min left  (failed=0)
  [pool] 29,375 done  3.73 item/s  ~92 min left  (failed=0)
  [pool] 29,400 done  3.71 item/s  ~93 min left  (failed=0)
  [pool] 29,425 done  3.69 item/s  ~93 min left  (failed=0)
  [pool] 29,450 done  3.67 item/s  ~93 min left  (failed=0)
  [pool] 29,475 done  3.65 item/s  ~94 min left  (failed=0)
  [pool] 29,500 done  3.63 item/s  ~94 min left  (failed=0)
  [pool] 29,525 done  3.61 item/s  ~95 min left  (failed=0)
  [pool] 29,550 done  3.59 item/s  ~95 min left  (failed=0)
  [pool] 29,575 done  3.57 item/s  ~95 min left  (failed=0)
  [pool] 29,600 done  3.55 item/s  ~96 min left  (failed=0)
  [pool] 29,625 done  3.53 item/s  ~96 min left  (failed=0)
  [pool] 29,650 done  3.51 item/s  ~97 min left  (failed=0)
  [pool] 29,675 done  3.50 item/s  ~97 min left  (failed=0)
  [pool] 29,700 done  3.48 item/s  ~97 min left  (failed=0)
  [pool] 29,725 done  3.46 item/s  ~98 min left  (failed=0)
  [pool] 29,750 done  3.44 item/s  ~98 min left  (failed=0)
  [pool] 29,775 done  3.42 item/s  ~98 min left  (failed=0)
  [pool] 29,800 done  3.41 item/s  ~99 min left  (failed=0)
  [pool] 29,825 done  3.39 item/s  ~99 min left  (failed=0)
  [pool] 29,850 done  3.37 item/s  ~100 min left  (failed=0)
  [pool] 29,875 done  3.36 item/s  ~100 min left  (failed=0)
  [pool] 29,900 done  3.34 item/s  ~100 min left  (failed=0)
  [pool] 29,925 done  3.32 item/s  ~101 min left  (failed=0)
  [pool] 29,950 done  3.31 item/s  ~101 min left  (failed=0)
  [pool] 29,975 done  3.29 item/s  ~101 min left  (failed=0)
  [pool] 30,000 done  3.28 item/s  ~102 min left  (failed=0)
  [pool] 30,025 done  3.26 item/s  ~102 min left  (failed=0)
  [pool] 30,050 done  3.25 item/s  ~102 min left  (failed=0)
  [pool] 30,075 done  3.23 item/s  ~103 min left  (failed=0)
  [pool] 30,100 done  3.22 item/s  ~103 min left  (failed=0)
  [pool] 30,125 done  3.20 item/s  ~103 min left  (failed=0)
  [pool] 30,150 done  3.19 item/s  ~104 min left  (failed=0)
  [pool] 30,175 done  3.17 item/s  ~104 min left  (failed=0)
  [pool] 30,200 done  3.16 item/s  ~104 min left  (failed=0)
  [pool] 30,225 done  3.14 item/s  ~105 min left  (failed=0)
  [pool] 30,250 done  3.13 item/s  ~105 min left  (failed=0)
  [pool] 30,275 done  3.12 item/s  ~106 min left  (failed=0)
  [pool] 30,300 done  3.10 item/s  ~106 min left  (failed=0)
  [pool] 30,325 done  3.09 item/s  ~106 min left  (failed=0)
  [pool] 30,350 done  3.08 item/s  ~106 min left  (failed=0)
  [pool] 30,375 done  3.06 item/s  ~107 min left  (failed=0)
  [pool] 30,400 done  3.05 item/s  ~107 min left  (failed=0)
  [pool] 30,425 done  3.04 item/s  ~107 min left  (failed=0)
  [pool] 30,450 done  3.02 item/s  ~108 min left  (failed=0)
  [pool] 30,475 done  3.01 item/s  ~108 min left  (failed=0)
  [pool] 30,500 done  3.00 item/s  ~108 min left  (failed=0)
  [pool] 30,525 done  2.99 item/s  ~109 min left  (failed=0)
  [pool] 30,550 done  2.98 item/s  ~109 min left  (failed=0)
  [pool] 30,575 done  2.96 item/s  ~109 min left  (failed=0)
  [pool] 30,600 done  2.95 item/s  ~110 min left  (failed=0)
  [pool] 30,625 done  2.94 item/s  ~110 min left  (failed=0)
  [pool] 30,650 done  2.93 item/s  ~110 min left  (failed=0)
  [pool] 30,675 done  2.92 item/s  ~110 min left  (failed=0)
  [pool] 30,700 done  2.90 item/s  ~111 min left  (failed=0)
  [pool] 30,725 done  2.89 item/s  ~111 min left  (failed=0)
  [pool] 30,750 done  2.88 item/s  ~111 min left  (failed=0)
  [pool] 30,775 done  2.87 item/s  ~112 min left  (failed=0)
  [pool] 30,800 done  2.86 item/s  ~112 min left  (failed=0)
  [pool] 30,825 done  2.85 item/s  ~112 min left  (failed=0)
  [pool] 30,850 done  2.84 item/s  ~112 min left  (failed=0)
  [pool] 30,875 done  2.83 item/s  ~113 min left  (failed=0)
  [pool] 30,900 done  2.81 item/s  ~113 min left  (failed=0)
  [pool] 30,925 done  2.80 item/s  ~113 min left  (failed=0)
  [pool] 30,950 done  2.79 item/s  ~114 min left  (failed=0)
  [pool] 30,975 done  2.78 item/s  ~114 min left  (failed=0)
  [pool] 31,000 done  2.77 item/s  ~114 min left  (failed=0)
  [pool] 31,025 done  2.76 item/s  ~115 min left  (failed=0)
  [pool] 31,050 done  2.75 item/s  ~115 min left  (failed=0)
  [pool] 31,075 done  2.74 item/s  ~115 min left  (failed=0)
  [pool] 31,100 done  2.73 item/s  ~115 min left  (failed=0)
  [pool] 31,125 done  2.72 item/s  ~116 min left  (failed=0)
  [pool] 31,150 done  2.71 item/s  ~116 min left  (failed=0)
  [pool] 31,175 done  2.70 item/s  ~116 min left  (failed=0)
  [pool] 31,200 done  2.69 item/s  ~116 min left  (failed=0)
  [pool] 31,225 done  2.68 item/s  ~117 min left  (failed=0)
  [pool] 31,250 done  2.67 item/s  ~117 min left  (failed=0)
  [pool] 31,275 done  2.66 item/s  ~117 min left  (failed=0)
  [pool] 31,300 done  2.65 item/s  ~117 min left  (failed=0)
  [pool] 31,325 done  2.65 item/s  ~118 min left  (failed=0)
  [pool] 31,350 done  2.64 item/s  ~118 min left  (failed=0)
  [pool] 31,375 done  2.63 item/s  ~118 min left  (failed=0)
  [pool] 31,400 done  2.62 item/s  ~118 min left  (failed=0)
  [pool] 31,425 done  2.61 item/s  ~119 min left  (failed=0)
  [pool] 31,450 done  2.60 item/s  ~119 min left  (failed=0)
  [pool] 31,475 done  2.59 item/s  ~119 min left  (failed=0)
  [pool] 31,500 done  2.58 item/s  ~119 min left  (failed=0)
  [pool] 31,525 done  2.57 item/s  ~120 min left  (failed=0)
  [pool] 31,550 done  2.56 item/s  ~120 min left  (failed=0)
  [pool] 31,575 done  2.56 item/s  ~120 min left  (failed=0)
  [pool] 31,600 done  2.55 item/s  ~120 min left  (failed=0)
  [pool] 31,625 done  2.54 item/s  ~121 min left  (failed=0)
  [pool] 31,650 done  2.53 item/s  ~121 min left  (failed=0)
  [pool] 31,675 done  2.52 item/s  ~121 min left  (failed=0)
  [pool] 31,700 done  2.52 item/s  ~121 min left  (failed=0)
  [pool] 31,725 done  2.51 item/s  ~121 min left  (failed=0)
  [pool] 31,750 done  2.50 item/s  ~122 min left  (failed=0)
  [pool] 31,775 done  2.49 item/s  ~122 min left  (failed=0)
  [pool] 31,800 done  2.48 item/s  ~122 min left  (failed=0)
  [pool] 31,825 done  2.48 item/s  ~122 min left  (failed=0)
  [pool] 31,850 done  2.47 item/s  ~123 min left  (failed=0)
  [pool] 31,875 done  2.46 item/s  ~123 min left  (failed=0)
  [pool] 31,900 done  2.45 item/s  ~123 min left  (failed=0)
  [pool] 31,925 done  2.44 item/s  ~123 min left  (failed=0)
  [pool] 31,950 done  2.44 item/s  ~123 min left  (failed=0)
  [pool] 31,975 done  2.43 item/s  ~124 min left  (failed=0)
  [pool] 32,000 done  2.42 item/s  ~124 min left  (failed=0)
  [pool] 32,025 done  2.41 item/s  ~124 min left  (failed=0)
  [pool] 32,050 done  2.41 item/s  ~124 min left  (failed=0)
  [pool] 32,075 done  2.40 item/s  ~125 min left  (failed=0)
  [pool] 32,100 done  2.39 item/s  ~125 min left  (failed=0)
  [pool] 32,125 done  2.39 item/s  ~125 min left  (failed=0)
  [pool] 32,150 done  2.38 item/s  ~125 min left  (failed=0)
  [pool] 32,175 done  2.37 item/s  ~125 min left  (failed=0)
  [pool] 32,200 done  2.36 item/s  ~125 min left  (failed=0)
  [pool] 32,225 done  2.36 item/s  ~126 min left  (failed=0)
  [pool] 32,250 done  2.35 item/s  ~126 min left  (failed=0)
  [pool] 32,275 done  2.34 item/s  ~126 min left  (failed=0)
  [pool] 32,300 done  2.34 item/s  ~126 min left  (failed=0)
  [pool] 32,325 done  2.33 item/s  ~126 min left  (failed=0)
  [pool] 32,350 done  2.32 item/s  ~127 min left  (failed=0)
  [pool] 32,375 done  2.32 item/s  ~127 min left  (failed=0)
  [pool] 32,400 done  2.31 item/s  ~127 min left  (failed=0)
  [pool] 32,425 done  2.30 item/s  ~127 min left  (failed=0)
  [pool] 32,450 done  2.30 item/s  ~127 min left  (failed=0)
  [pool] 32,475 done  2.29 item/s  ~128 min left  (failed=0)
  [pool] 32,500 done  2.28 item/s  ~128 min left  (failed=0)
  [pool] 32,525 done  2.28 item/s  ~128 min left  (failed=0)
  [pool] 32,550 done  2.27 item/s  ~128 min left  (failed=0)
  [pool] 32,575 done  2.26 item/s  ~128 min left  (failed=0)
  [pool] 32,600 done  2.26 item/s  ~128 min left  (failed=0)
  [pool] 32,625 done  2.25 item/s  ~129 min left  (failed=0)
  [pool] 32,650 done  2.25 item/s  ~129 min left  (failed=0)
  [pool] 32,675 done  2.24 item/s  ~129 min left  (failed=0)
  [pool] 32,700 done  2.23 item/s  ~129 min left  (failed=0)
  [pool] 32,725 done  2.23 item/s  ~129 min left  (failed=0)
  [pool] 32,750 done  2.22 item/s  ~129 min left  (failed=0)
  [pool] 32,775 done  2.22 item/s  ~129 min left  (failed=0)
  [pool] 32,800 done  2.21 item/s  ~130 min left  (failed=0)
  [pool] 32,825 done  2.20 item/s  ~130 min left  (failed=0)
  [pool] 32,850 done  2.20 item/s  ~130 min left  (failed=0)
  [pool] 32,875 done  2.19 item/s  ~130 min left  (failed=0)
  [pool] 32,900 done  2.19 item/s  ~130 min left  (failed=0)
  [pool] 32,925 done  2.18 item/s  ~130 min left  (failed=0)
  [pool] 32,950 done  2.18 item/s  ~131 min left  (failed=0)
  [pool] 32,975 done  2.17 item/s  ~131 min left  (failed=0)
  [pool] 33,000 done  2.16 item/s  ~131 min left  (failed=0)
  [pool] 33,025 done  2.16 item/s  ~131 min left  (failed=0)
  [pool] 33,050 done  2.15 item/s  ~131 min left  (failed=0)
  [pool] 33,075 done  2.15 item/s  ~131 min left  (failed=0)
  [pool] 33,100 done  2.14 item/s  ~131 min left  (failed=0)
  [pool] 33,125 done  2.14 item/s  ~132 min left  (failed=0)
  [pool] 33,150 done  2.13 item/s  ~132 min left  (failed=0)
  [pool] 33,175 done  2.13 item/s  ~132 min left  (failed=0)
  [pool] 33,200 done  2.12 item/s  ~132 min left  (failed=0)
  [pool] 33,225 done  2.12 item/s  ~132 min left  (failed=0)
  [pool] 33,250 done  2.11 item/s  ~132 min left  (failed=0)
  [pool] 33,275 done  2.11 item/s  ~132 min left  (failed=0)
  [pool] 33,300 done  2.10 item/s  ~132 min left  (failed=0)
  [pool] 33,325 done  2.10 item/s  ~133 min left  (failed=0)
  [pool] 33,350 done  2.09 item/s  ~133 min left  (failed=0)
  [pool] 33,375 done  2.09 item/s  ~133 min left  (failed=0)
  [pool] 33,400 done  2.08 item/s  ~133 min left  (failed=0)
  [pool] 33,425 done  2.08 item/s  ~133 min left  (failed=0)
  [pool] 33,450 done  2.07 item/s  ~133 min left  (failed=0)
  [pool] 33,475 done  2.07 item/s  ~133 min left  (failed=0)
  [pool] 33,500 done  2.06 item/s  ~133 min left  (failed=0)
  [pool] 33,525 done  2.06 item/s  ~134 min left  (failed=0)
  [pool] 33,550 done  2.05 item/s  ~134 min left  (failed=0)
  [pool] 33,575 done  2.05 item/s  ~134 min left  (failed=0)
  [pool] 33,600 done  2.04 item/s  ~134 min left  (failed=0)
  [pool] 33,625 done  2.04 item/s  ~134 min left  (failed=0)
  [pool] 33,650 done  2.03 item/s  ~134 min left  (failed=0)
  [pool] 33,675 done  2.03 item/s  ~134 min left  (failed=0)
  [pool] 33,700 done  2.02 item/s  ~134 min left  (failed=0)
  [pool] 33,725 done  2.02 item/s  ~134 min left  (failed=0)
  [pool] 33,750 done  2.01 item/s  ~134 min left  (failed=0)
  [pool] 33,775 done  2.01 item/s  ~135 min left  (failed=0)
  [pool] 33,800 done  2.01 item/s  ~135 min left  (failed=0)
  [pool] 33,825 done  2.00 item/s  ~135 min left  (failed=0)
  [pool] 33,850 done  2.00 item/s  ~135 min left  (failed=0)
  [pool] 33,875 done  1.99 item/s  ~135 min left  (failed=0)
  [pool] 33,900 done  1.99 item/s  ~135 min left  (failed=0)
  [pool] 33,925 done  1.98 item/s  ~135 min left  (failed=0)
  [pool] 33,950 done  1.98 item/s  ~135 min left  (failed=0)
  [pool] 33,975 done  1.97 item/s  ~135 min left  (failed=0)
  [pool] 34,000 done  1.97 item/s  ~135 min left  (failed=0)
  [pool] 34,025 done  1.97 item/s  ~135 min left  (failed=0)
  [pool] 34,050 done  1.96 item/s  ~136 min left  (failed=0)
  [pool] 34,075 done  1.96 item/s  ~136 min left  (failed=0)
  [pool] 34,100 done  1.95 item/s  ~136 min left  (failed=0)
  [pool] 34,125 done  1.95 item/s  ~136 min left  (failed=0)
  [pool] 34,150 done  1.94 item/s  ~136 min left  (failed=0)
  [pool] 34,175 done  1.94 item/s  ~136 min left  (failed=0)
  [pool] 34,200 done  1.94 item/s  ~136 min left  (failed=0)
  [pool] 34,225 done  1.93 item/s  ~136 min left  (failed=0)
  [pool] 34,250 done  1.93 item/s  ~136 min left  (failed=0)
  [pool] 34,275 done  1.92 item/s  ~136 min left  (failed=0)
  [pool] 34,300 done  1.92 item/s  ~136 min left  (failed=0)
  [pool] 34,325 done  1.92 item/s  ~136 min left  (failed=0)
  [pool] 34,350 done  1.91 item/s  ~136 min left  (failed=0)
  [pool] 34,375 done  1.91 item/s  ~137 min left  (failed=0)
  [pool] 34,400 done  1.90 item/s  ~137 min left  (failed=0)
  [pool] 34,425 done  1.90 item/s  ~137 min left  (failed=0)
  [pool] 34,450 done  1.89 item/s  ~137 min left  (failed=0)
  [pool] 34,475 done  1.89 item/s  ~137 min left  (failed=0)
  [pool] 34,500 done  1.89 item/s  ~137 min left  (failed=0)
  [pool] 34,525 done  1.88 item/s  ~137 min left  (failed=0)
  [pool] 34,550 done  1.88 item/s  ~137 min left  (failed=0)
  [pool] 34,575 done  1.88 item/s  ~137 min left  (failed=0)
  [pool] 34,600 done  1.87 item/s  ~137 min left  (failed=0)
  [pool] 34,625 done  1.87 item/s  ~137 min left  (failed=0)
  [pool] 34,650 done  1.86 item/s  ~137 min left  (failed=0)
  [pool] 34,675 done  1.86 item/s  ~137 min left  (failed=0)
  [pool] 34,700 done  1.86 item/s  ~137 min left  (failed=0)
  [pool] 34,725 done  1.85 item/s  ~137 min left  (failed=0)
  [pool] 34,750 done  1.85 item/s  ~137 min left  (failed=0)
  [pool] 34,775 done  1.85 item/s  ~137 min left  (failed=0)
  [pool] 34,800 done  1.84 item/s  ~138 min left  (failed=0)
  [pool] 34,825 done  1.84 item/s  ~138 min left  (failed=0)
  [pool] 34,850 done  1.83 item/s  ~138 min left  (failed=0)
  [pool] 34,875 done  1.83 item/s  ~138 min left  (failed=0)
  [pool] 34,900 done  1.83 item/s  ~138 min left  (failed=0)
  [pool] 34,925 done  1.82 item/s  ~138 min left  (failed=0)
  [pool] 34,950 done  1.82 item/s  ~138 min left  (failed=0)
  [pool] 34,975 done  1.82 item/s  ~138 min left  (failed=0)
  [pool] 35,000 done  1.81 item/s  ~138 min left  (failed=0)
  [pool] 35,025 done  1.81 item/s  ~138 min left  (failed=0)
  [pool] 35,050 done  1.81 item/s  ~138 min left  (failed=0)
  [pool] 35,075 done  1.80 item/s  ~138 min left  (failed=0)
  [pool] 35,100 done  1.80 item/s  ~138 min left  (failed=0)
  [pool] 35,125 done  1.80 item/s  ~138 min left  (failed=0)
  [pool] 35,150 done  1.79 item/s  ~138 min left  (failed=0)
  [pool] 35,175 done  1.79 item/s  ~138 min left  (failed=0)
  [pool] 35,200 done  1.79 item/s  ~138 min left  (failed=0)
  [pool] 35,225 done  1.78 item/s  ~138 min left  (failed=0)
  [pool] 35,250 done  1.78 item/s  ~138 min left  (failed=0)
  [pool] 35,275 done  1.78 item/s  ~138 min left  (failed=0)
  [pool] 35,300 done  1.77 item/s  ~138 min left  (failed=0)
  [pool] 35,325 done  1.77 item/s  ~138 min left  (failed=0)
  [pool] 35,350 done  1.77 item/s  ~138 min left  (failed=0)
  [pool] 35,375 done  1.76 item/s  ~138 min left  (failed=0)
  [pool] 35,400 done  1.76 item/s  ~138 min left  (failed=0)
  [pool] 35,425 done  1.76 item/s  ~138 min left  (failed=0)
  [pool] 35,450 done  1.75 item/s  ~138 min left  (failed=0)
  [pool] 35,475 done  1.75 item/s  ~138 min left  (failed=0)
  [pool] 35,500 done  1.75 item/s  ~138 min left  (failed=0)
  [pool] 35,525 done  1.74 item/s  ~138 min left  (failed=0)
  [pool] 35,550 done  1.74 item/s  ~138 min left  (failed=0)
  [pool] 35,575 done  1.74 item/s  ~138 min left  (failed=0)
  [pool] 35,600 done  1.74 item/s  ~138 min left  (failed=0)
  [pool] 35,625 done  1.73 item/s  ~138 min left  (failed=0)
  [pool] 35,650 done  1.73 item/s  ~138 min left  (failed=0)
  [pool] 35,675 done  1.73 item/s  ~138 min left  (failed=0)
  [pool] 35,700 done  1.72 item/s  ~138 min left  (failed=0)
  [pool] 35,725 done  1.72 item/s  ~138 min left  (failed=0)
  [pool] 35,750 done  1.72 item/s  ~138 min left  (failed=0)
  [pool] 35,775 done  1.71 item/s  ~138 min left  (failed=0)
  [pool] 35,800 done  1.71 item/s  ~138 min left  (failed=0)
  [pool] 35,825 done  1.71 item/s  ~138 min left  (failed=0)
  [pool] 35,850 done  1.71 item/s  ~138 min left  (failed=0)
  [pool] 35,875 done  1.70 item/s  ~138 min left  (failed=0)
  [pool] 35,900 done  1.70 item/s  ~138 min left  (failed=0)
  [pool] 35,925 done  1.70 item/s  ~138 min left  (failed=0)
  [pool] 35,950 done  1.69 item/s  ~138 min left  (failed=0)
  [pool] 35,975 done  1.69 item/s  ~138 min left  (failed=0)
  [pool] 36,000 done  1.69 item/s  ~138 min left  (failed=0)
  [pool] 36,025 done  1.69 item/s  ~138 min left  (failed=0)
  [pool] 36,050 done  1.68 item/s  ~138 min left  (failed=0)
  [pool] 36,075 done  1.68 item/s  ~138 min left  (failed=0)
  [pool] 36,100 done  1.68 item/s  ~138 min left  (failed=0)
  [pool] 36,125 done  1.67 item/s  ~138 min left  (failed=0)
  [pool] 36,150 done  1.67 item/s  ~138 min left  (failed=0)
  [pool] 36,175 done  1.67 item/s  ~138 min left  (failed=0)
  [pool] 36,200 done  1.67 item/s  ~138 min left  (failed=0)
  [pool] 36,225 done  1.66 item/s  ~138 min left  (failed=0)
  [pool] 36,250 done  1.66 item/s  ~138 min left  (failed=0)
  [pool] 36,275 done  1.66 item/s  ~138 min left  (failed=0)
  [pool] 36,300 done  1.65 item/s  ~138 min left  (failed=0)
  [pool] 36,325 done  1.65 item/s  ~138 min left  (failed=0)
  [pool] 36,350 done  1.65 item/s  ~138 min left  (failed=0)
  [pool] 36,375 done  1.65 item/s  ~138 min left  (failed=0)
  [pool] 36,400 done  1.64 item/s  ~138 min left  (failed=0)
  [pool] 36,425 done  1.64 item/s  ~138 min left  (failed=0)
  [pool] 36,450 done  1.64 item/s  ~138 min left  (failed=0)
  [pool] 36,475 done  1.64 item/s  ~138 min left  (failed=0)
  [pool] 36,500 done  1.63 item/s  ~138 min left  (failed=0)
  [pool] 36,525 done  1.63 item/s  ~138 min left  (failed=0)
  [pool] 36,550 done  1.63 item/s  ~138 min left  (failed=0)
  [pool] 36,575 done  1.63 item/s  ~138 min left  (failed=0)
  [pool] 36,600 done  1.62 item/s  ~138 min left  (failed=0)
  [pool] 36,625 done  1.62 item/s  ~138 min left  (failed=0)
  [pool] 36,650 done  1.62 item/s  ~137 min left  (failed=0)
  [pool] 36,675 done  1.62 item/s  ~137 min left  (failed=0)
  [pool] 36,700 done  1.61 item/s  ~137 min left  (failed=0)
  [pool] 36,725 done  1.61 item/s  ~137 min left  (failed=0)
  [pool] 36,750 done  1.61 item/s  ~137 min left  (failed=0)
  [pool] 36,775 done  1.61 item/s  ~137 min left  (failed=0)
  [pool] 36,800 done  1.60 item/s  ~137 min left  (failed=0)
  [pool] 36,825 done  1.60 item/s  ~137 min left  (failed=0)
  [pool] 36,850 done  1.60 item/s  ~137 min left  (failed=0)
  [pool] 36,875 done  1.60 item/s  ~137 min left  (failed=0)
  [pool] 36,900 done  1.59 item/s  ~137 min left  (failed=0)
  [pool] 36,925 done  1.59 item/s  ~137 min left  (failed=0)
  [pool] 36,950 done  1.59 item/s  ~137 min left  (failed=0)
  [pool] 36,975 done  1.59 item/s  ~137 min left  (failed=0)
  [pool] 37,000 done  1.58 item/s  ~137 min left  (failed=0)
  [pool] 37,025 done  1.58 item/s  ~137 min left  (failed=0)
  [pool] 37,050 done  1.58 item/s  ~137 min left  (failed=0)
  [pool] 37,075 done  1.58 item/s  ~137 min left  (failed=0)
  [pool] 37,100 done  1.58 item/s  ~136 min left  (failed=0)
  [pool] 37,125 done  1.57 item/s  ~136 min left  (failed=0)
  [pool] 37,150 done  1.57 item/s  ~136 min left  (failed=0)
  [pool] 37,175 done  1.57 item/s  ~136 min left  (failed=0)
  [pool] 37,200 done  1.57 item/s  ~136 min left  (failed=0)
  [pool] 37,225 done  1.56 item/s  ~136 min left  (failed=0)
  [pool] 37,250 done  1.56 item/s  ~136 min left  (failed=0)
  [pool] 37,275 done  1.56 item/s  ~136 min left  (failed=0)
  [pool] 37,300 done  1.56 item/s  ~136 min left  (failed=0)
  [pool] 37,325 done  1.55 item/s  ~136 min left  (failed=0)
  [pool] 37,350 done  1.55 item/s  ~136 min left  (failed=0)
  [pool] 37,375 done  1.55 item/s  ~136 min left  (failed=0)
  [pool] 37,400 done  1.55 item/s  ~136 min left  (failed=0)
  [pool] 37,425 done  1.55 item/s  ~136 min left  (failed=0)
  [pool] 37,450 done  1.54 item/s  ~136 min left  (failed=0)
  [pool] 37,475 done  1.54 item/s  ~135 min left  (failed=0)
  [pool] 37,500 done  1.54 item/s  ~135 min left  (failed=0)
  [pool] 37,525 done  1.54 item/s  ~135 min left  (failed=0)
  [pool] 37,550 done  1.53 item/s  ~135 min left  (failed=0)
  [pool] 37,575 done  1.53 item/s  ~135 min left  (failed=0)
  [pool] 37,600 done  1.53 item/s  ~135 min left  (failed=0)
  [pool] 37,625 done  1.53 item/s  ~135 min left  (failed=0)
  [pool] 37,650 done  1.53 item/s  ~135 min left  (failed=0)
  [pool] 37,675 done  1.52 item/s  ~135 min left  (failed=0)
  [pool] 37,700 done  1.52 item/s  ~135 min left  (failed=0)
  [pool] 37,725 done  1.52 item/s  ~135 min left  (failed=0)
  [pool] 37,750 done  1.52 item/s  ~135 min left  (failed=0)
  [pool] 37,775 done  1.52 item/s  ~134 min left  (failed=0)
  [pool] 37,800 done  1.51 item/s  ~134 min left  (failed=0)
  [pool] 37,825 done  1.51 item/s  ~134 min left  (failed=0)
  [pool] 37,850 done  1.51 item/s  ~134 min left  (failed=0)
  [pool] 37,875 done  1.51 item/s  ~134 min left  (failed=0)
  [pool] 37,900 done  1.51 item/s  ~134 min left  (failed=0)
  [pool] 37,925 done  1.50 item/s  ~134 min left  (failed=0)
  [pool] 37,950 done  1.50 item/s  ~134 min left  (failed=0)
  [pool] 37,975 done  1.50 item/s  ~134 min left  (failed=0)
  [pool] 38,000 done  1.50 item/s  ~134 min left  (failed=0)
  [pool] 38,025 done  1.50 item/s  ~133 min left  (failed=0)
  [pool] 38,050 done  1.49 item/s  ~133 min left  (failed=0)
  [pool] 38,075 done  1.49 item/s  ~133 min left  (failed=0)
  [pool] 38,100 done  1.49 item/s  ~133 min left  (failed=0)
  [pool] 38,125 done  1.49 item/s  ~133 min left  (failed=0)
  [pool] 38,150 done  1.49 item/s  ~133 min left  (failed=0)
  [pool] 38,175 done  1.48 item/s  ~133 min left  (failed=0)
  [pool] 38,200 done  1.48 item/s  ~133 min left  (failed=0)
  [pool] 38,225 done  1.48 item/s  ~133 min left  (failed=0)
  [pool] 38,250 done  1.48 item/s  ~133 min left  (failed=0)
  [pool] 38,275 done  1.48 item/s  ~132 min left  (failed=0)
  [pool] 38,300 done  1.47 item/s  ~132 min left  (failed=0)
  [pool] 38,325 done  1.47 item/s  ~132 min left  (failed=0)
  [pool] 38,350 done  1.47 item/s  ~132 min left  (failed=0)
  [pool] 38,375 done  1.47 item/s  ~132 min left  (failed=0)
  [pool] 38,400 done  1.47 item/s  ~132 min left  (failed=0)
  [pool] 38,425 done  1.46 item/s  ~132 min left  (failed=0)
  [pool] 38,450 done  1.46 item/s  ~132 min left  (failed=0)
  [pool] 38,475 done  1.46 item/s  ~132 min left  (failed=0)
  [pool] 38,500 done  1.46 item/s  ~131 min left  (failed=0)
  [pool] 38,525 done  1.46 item/s  ~131 min left  (failed=0)
  [pool] 38,550 done  1.45 item/s  ~131 min left  (failed=0)
  [pool] 38,575 done  1.45 item/s  ~131 min left  (failed=0)
  [pool] 38,600 done  1.45 item/s  ~131 min left  (failed=0)
  [pool] 38,625 done  1.45 item/s  ~131 min left  (failed=0)
  [pool] 38,650 done  1.45 item/s  ~131 min left  (failed=0)
  [pool] 38,675 done  1.45 item/s  ~131 min left  (failed=0)
  [pool] 38,700 done  1.44 item/s  ~130 min left  (failed=0)
  [pool] 38,725 done  1.44 item/s  ~130 min left  (failed=0)
  [pool] 38,750 done  1.44 item/s  ~130 min left  (failed=0)
  [pool] 38,775 done  1.44 item/s  ~130 min left  (failed=0)
  [pool] 38,800 done  1.44 item/s  ~130 min left  (failed=0)
  [pool] 38,825 done  1.44 item/s  ~130 min left  (failed=0)
  [pool] 38,850 done  1.43 item/s  ~130 min left  (failed=0)
  [pool] 38,875 done  1.43 item/s  ~129 min left  (failed=0)
  [pool] 38,900 done  1.43 item/s  ~129 min left  (failed=0)
  [pool] 38,925 done  1.43 item/s  ~129 min left  (failed=0)
  [pool] 38,950 done  1.43 item/s  ~129 min left  (failed=0)
  [pool] 38,975 done  1.42 item/s  ~129 min left  (failed=0)
  [pool] 39,000 done  1.42 item/s  ~129 min left  (failed=0)
  [pool] 39,025 done  1.42 item/s  ~129 min left  (failed=0)
  [pool] 39,050 done  1.42 item/s  ~129 min left  (failed=0)
  [pool] 39,075 done  1.42 item/s  ~128 min left  (failed=0)
  [pool] 39,100 done  1.42 item/s  ~128 min left  (failed=0)
  [pool] 39,125 done  1.41 item/s  ~128 min left  (failed=0)
  [pool] 39,150 done  1.41 item/s  ~128 min left  (failed=0)
  [pool] 39,175 done  1.41 item/s  ~128 min left  (failed=0)
  [pool] 39,200 done  1.41 item/s  ~128 min left  (failed=0)
  [pool] 39,225 done  1.41 item/s  ~128 min left  (failed=0)
  [pool] 39,250 done  1.41 item/s  ~127 min left  (failed=0)
  [pool] 39,275 done  1.40 item/s  ~127 min left  (failed=0)
  [pool] 39,300 done  1.40 item/s  ~127 min left  (failed=0)
  [pool] 39,325 done  1.40 item/s  ~127 min left  (failed=0)
  [pool] 39,350 done  1.40 item/s  ~127 min left  (failed=0)
  [pool] 39,375 done  1.40 item/s  ~127 min left  (failed=0)
  [pool] 39,400 done  1.40 item/s  ~127 min left  (failed=0)
  [pool] 39,425 done  1.39 item/s  ~126 min left  (failed=0)
  [pool] 39,450 done  1.39 item/s  ~126 min left  (failed=0)
  [pool] 39,475 done  1.39 item/s  ~126 min left  (failed=0)
  [pool] 39,500 done  1.39 item/s  ~126 min left  (failed=0)
  [pool] 39,525 done  1.39 item/s  ~126 min left  (failed=0)
  [pool] 39,550 done  1.39 item/s  ~126 min left  (failed=0)
  [pool] 39,575 done  1.39 item/s  ~125 min left  (failed=0)
  [pool] 39,600 done  1.38 item/s  ~125 min left  (failed=0)
  [pool] 39,625 done  1.38 item/s  ~125 min left  (failed=0)
  [pool] 39,650 done  1.38 item/s  ~125 min left  (failed=0)
  [pool] 39,675 done  1.38 item/s  ~125 min left  (failed=0)
  [pool] 39,700 done  1.38 item/s  ~125 min left  (failed=0)
  [pool] 39,725 done  1.38 item/s  ~125 min left  (failed=0)
  [pool] 39,750 done  1.37 item/s  ~124 min left  (failed=0)
  [pool] 39,775 done  1.37 item/s  ~124 min left  (failed=0)
  [pool] 39,800 done  1.37 item/s  ~124 min left  (failed=0)
  [pool] 39,825 done  1.37 item/s  ~124 min left  (failed=0)
  [pool] 39,850 done  1.37 item/s  ~124 min left  (failed=0)
  [pool] 39,875 done  1.37 item/s  ~124 min left  (failed=0)
  [pool] 39,900 done  1.36 item/s  ~123 min left  (failed=0)
  [pool] 39,925 done  1.36 item/s  ~123 min left  (failed=0)
  [pool] 39,950 done  1.36 item/s  ~123 min left  (failed=0)
  [pool] 39,975 done  1.36 item/s  ~123 min left  (failed=0)
  [pool] 40,000 done  1.36 item/s  ~123 min left  (failed=0)
  [pool] 40,025 done  1.36 item/s  ~123 min left  (failed=0)
  [pool] 40,050 done  1.36 item/s  ~122 min left  (failed=0)
  [pool] 40,075 done  1.35 item/s  ~122 min left  (failed=0)
  [pool] 40,100 done  1.35 item/s  ~122 min left  (failed=0)
  [pool] 40,125 done  1.35 item/s  ~122 min left  (failed=0)
  [pool] 40,150 done  1.35 item/s  ~122 min left  (failed=0)
  [pool] 40,175 done  1.35 item/s  ~122 min left  (failed=0)
  [pool] 40,200 done  1.35 item/s  ~121 min left  (failed=0)
  [pool] 40,225 done  1.34 item/s  ~121 min left  (failed=0)
  [pool] 40,250 done  1.34 item/s  ~121 min left  (failed=0)
  [pool] 40,275 done  1.34 item/s  ~121 min left  (failed=0)
  [pool] 40,300 done  1.34 item/s  ~121 min left  (failed=0)
  [pool] 40,325 done  1.34 item/s  ~120 min left  (failed=0)
  [pool] 40,350 done  1.34 item/s  ~120 min left  (failed=0)
  [pool] 40,375 done  1.34 item/s  ~120 min left  (failed=0)
  [pool] 40,400 done  1.34 item/s  ~120 min left  (failed=0)
  [pool] 40,425 done  1.33 item/s  ~120 min left  (failed=0)
  [pool] 40,450 done  1.33 item/s  ~119 min left  (failed=0)
  [pool] 40,475 done  1.33 item/s  ~119 min left  (failed=0)
  [pool] 40,500 done  1.33 item/s  ~119 min left  (failed=0)
  [pool] 40,525 done  1.33 item/s  ~119 min left  (failed=0)
  [pool] 40,550 done  1.33 item/s  ~119 min left  (failed=0)
  [pool] 40,575 done  1.33 item/s  ~119 min left  (failed=0)
  [pool] 40,600 done  1.32 item/s  ~118 min left  (failed=0)
  [pool] 40,625 done  1.32 item/s  ~118 min left  (failed=0)
  [pool] 40,650 done  1.32 item/s  ~118 min left  (failed=0)
  [pool] 40,675 done  1.32 item/s  ~118 min left  (failed=0)
  [pool] 40,700 done  1.32 item/s  ~118 min left  (failed=0)
  [pool] 40,725 done  1.32 item/s  ~117 min left  (failed=0)
  [pool] 40,750 done  1.32 item/s  ~117 min left  (failed=0)
  [pool] 40,775 done  1.31 item/s  ~117 min left  (failed=0)
  [pool] 40,800 done  1.31 item/s  ~117 min left  (failed=0)
  [pool] 40,825 done  1.31 item/s  ~117 min left  (failed=0)
  [pool] 40,850 done  1.31 item/s  ~116 min left  (failed=0)
  [pool] 40,875 done  1.31 item/s  ~116 min left  (failed=0)
  [pool] 40,900 done  1.31 item/s  ~116 min left  (failed=0)
  [pool] 40,925 done  1.31 item/s  ~116 min left  (failed=0)
  [pool] 40,950 done  1.31 item/s  ~116 min left  (failed=0)
  [pool] 40,975 done  1.30 item/s  ~115 min left  (failed=0)
  [pool] 41,000 done  1.30 item/s  ~115 min left  (failed=0)
  [pool] 41,025 done  1.30 item/s  ~115 min left  (failed=0)
  [pool] 41,050 done  1.30 item/s  ~115 min left  (failed=0)
  [pool] 41,075 done  1.30 item/s  ~114 min left  (failed=0)
  [pool] 41,100 done  1.30 item/s  ~114 min left  (failed=0)
  [pool] 41,125 done  1.30 item/s  ~114 min left  (failed=0)
  [pool] 41,150 done  1.30 item/s  ~114 min left  (failed=0)
  [pool] 41,175 done  1.29 item/s  ~114 min left  (failed=0)
  [pool] 41,200 done  1.29 item/s  ~113 min left  (failed=0)
  [pool] 41,225 done  1.29 item/s  ~113 min left  (failed=0)
  [pool] 41,250 done  1.29 item/s  ~113 min left  (failed=0)
  [pool] 41,275 done  1.29 item/s  ~113 min left  (failed=0)
  [pool] 41,300 done  1.29 item/s  ~113 min left  (failed=0)
  [pool] 41,325 done  1.29 item/s  ~112 min left  (failed=0)
  [pool] 41,350 done  1.29 item/s  ~112 min left  (failed=0)
  [pool] 41,375 done  1.28 item/s  ~112 min left  (failed=0)
  [pool] 41,400 done  1.28 item/s  ~112 min left  (failed=0)
  [pool] 41,425 done  1.28 item/s  ~112 min left  (failed=0)
  [pool] 41,450 done  1.28 item/s  ~111 min left  (failed=0)
  [pool] 41,475 done  1.28 item/s  ~111 min left  (failed=0)
  [pool] 41,500 done  1.28 item/s  ~111 min left  (failed=0)
  [pool] 41,525 done  1.28 item/s  ~111 min left  (failed=0)
  [pool] 41,550 done  1.28 item/s  ~110 min left  (failed=0)
  [pool] 41,575 done  1.27 item/s  ~110 min left  (failed=0)
  [pool] 41,600 done  1.27 item/s  ~110 min left  (failed=0)
  [pool] 41,625 done  1.27 item/s  ~110 min left  (failed=0)
  [pool] 41,650 done  1.27 item/s  ~109 min left  (failed=0)
  [pool] 41,675 done  1.27 item/s  ~109 min left  (failed=0)
  [pool] 41,700 done  1.27 item/s  ~109 min left  (failed=0)
  [pool] 41,725 done  1.27 item/s  ~109 min left  (failed=0)
  [pool] 41,750 done  1.27 item/s  ~109 min left  (failed=0)
  [pool] 41,775 done  1.26 item/s  ~108 min left  (failed=0)
  [pool] 41,800 done  1.26 item/s  ~108 min left  (failed=0)
  [pool] 41,825 done  1.26 item/s  ~108 min left  (failed=0)
  [pool] 41,850 done  1.26 item/s  ~108 min left  (failed=0)
  [pool] 41,875 done  1.26 item/s  ~107 min left  (failed=0)
  [pool] 41,900 done  1.26 item/s  ~107 min left  (failed=0)
  [pool] 41,925 done  1.26 item/s  ~107 min left  (failed=0)
  [pool] 41,950 done  1.26 item/s  ~107 min left  (failed=0)
  [pool] 41,975 done  1.26 item/s  ~107 min left  (failed=0)
  [pool] 42,000 done  1.25 item/s  ~106 min left  (failed=0)
  [pool] 42,025 done  1.25 item/s  ~106 min left  (failed=0)
  [pool] 42,050 done  1.25 item/s  ~106 min left  (failed=0)
  [pool] 42,075 done  1.25 item/s  ~106 min left  (failed=0)
  [pool] 42,100 done  1.25 item/s  ~105 min left  (failed=0)
  [pool] 42,125 done  1.25 item/s  ~105 min left  (failed=0)
  [pool] 42,150 done  1.25 item/s  ~105 min left  (failed=0)
  [pool] 42,175 done  1.25 item/s  ~105 min left  (failed=0)
  [pool] 42,200 done  1.24 item/s  ~104 min left  (failed=0)
  [pool] 42,225 done  1.24 item/s  ~104 min left  (failed=0)
  [pool] 42,250 done  1.24 item/s  ~104 min left  (failed=0)
  [pool] 42,275 done  1.24 item/s  ~104 min left  (failed=0)
  [pool] 42,300 done  1.24 item/s  ~103 min left  (failed=0)
  [pool] 42,325 done  1.24 item/s  ~103 min left  (failed=0)
  [pool] 42,350 done  1.24 item/s  ~103 min left  (failed=0)
  [pool] 42,375 done  1.24 item/s  ~103 min left  (failed=0)
  [pool] 42,400 done  1.24 item/s  ~103 min left  (failed=0)
  [pool] 42,425 done  1.23 item/s  ~102 min left  (failed=0)
  [pool] 42,450 done  1.23 item/s  ~102 min left  (failed=0)
  [pool] 42,475 done  1.23 item/s  ~102 min left  (failed=0)
  [pool] 42,500 done  1.23 item/s  ~102 min left  (failed=0)
  [pool] 42,525 done  1.23 item/s  ~101 min left  (failed=0)
  [pool] 42,550 done  1.23 item/s  ~101 min left  (failed=0)
  [pool] 42,575 done  1.23 item/s  ~101 min left  (failed=0)
  [pool] 42,600 done  1.23 item/s  ~101 min left  (failed=0)
  [pool] 42,625 done  1.23 item/s  ~100 min left  (failed=0)
  [pool] 42,650 done  1.22 item/s  ~100 min left  (failed=0)
  [pool] 42,675 done  1.22 item/s  ~100 min left  (failed=0)
  [pool] 42,700 done  1.22 item/s  ~100 min left  (failed=0)
  [pool] 42,725 done  1.22 item/s  ~99 min left  (failed=0)
  [pool] 42,750 done  1.22 item/s  ~99 min left  (failed=0)
  [pool] 42,775 done  1.22 item/s  ~99 min left  (failed=0)
  [pool] 42,800 done  1.22 item/s  ~99 min left  (failed=0)
  [pool] 42,825 done  1.22 item/s  ~98 min left  (failed=0)
  [pool] 42,850 done  1.22 item/s  ~98 min left  (failed=0)
  [pool] 42,875 done  1.21 item/s  ~98 min left  (failed=0)
  [pool] 42,900 done  1.21 item/s  ~98 min left  (failed=0)
  [pool] 42,925 done  1.21 item/s  ~97 min left  (failed=0)
  [pool] 42,950 done  1.21 item/s  ~97 min left  (failed=0)
  [pool] 42,975 done  1.21 item/s  ~97 min left  (failed=0)
  [pool] 43,000 done  1.21 item/s  ~96 min left  (failed=0)
  [pool] 43,025 done  1.21 item/s  ~96 min left  (failed=0)
  [pool] 43,050 done  1.21 item/s  ~96 min left  (failed=0)
  [pool] 43,075 done  1.21 item/s  ~96 min left  (failed=0)
  [pool] 43,100 done  1.21 item/s  ~95 min left  (failed=0)
  [pool] 43,125 done  1.20 item/s  ~95 min left  (failed=0)
  [pool] 43,150 done  1.20 item/s  ~95 min left  (failed=0)
  [pool] 43,175 done  1.20 item/s  ~95 min left  (failed=0)
  [pool] 43,200 done  1.20 item/s  ~94 min left  (failed=0)
  [pool] 43,225 done  1.20 item/s  ~94 min left  (failed=0)
  [pool] 43,250 done  1.20 item/s  ~94 min left  (failed=0)
  [pool] 43,275 done  1.20 item/s  ~94 min left  (failed=0)
  [pool] 43,300 done  1.20 item/s  ~93 min left  (failed=0)
  [pool] 43,325 done  1.20 item/s  ~93 min left  (failed=0)
  [pool] 43,350 done  1.20 item/s  ~93 min left  (failed=0)
  [pool] 43,375 done  1.19 item/s  ~92 min left  (failed=0)
  [pool] 43,400 done  1.19 item/s  ~92 min left  (failed=0)
  [pool] 43,425 done  1.19 item/s  ~92 min left  (failed=0)
  [pool] 43,450 done  1.19 item/s  ~92 min left  (failed=0)
  [pool] 43,475 done  1.19 item/s  ~91 min left  (failed=0)
  [pool] 43,500 done  1.19 item/s  ~91 min left  (failed=0)
  [pool] 43,525 done  1.19 item/s  ~91 min left  (failed=0)
  [pool] 43,550 done  1.19 item/s  ~91 min left  (failed=0)
  [pool] 43,575 done  1.19 item/s  ~90 min left  (failed=0)
  [pool] 43,600 done  1.19 item/s  ~90 min left  (failed=0)
  [pool] 43,625 done  1.18 item/s  ~90 min left  (failed=0)
  [pool] 43,650 done  1.18 item/s  ~89 min left  (failed=0)
  [pool] 43,675 done  1.18 item/s  ~89 min left  (failed=0)
  [pool] 43,700 done  1.18 item/s  ~89 min left  (failed=0)
  [pool] 43,725 done  1.18 item/s  ~89 min left  (failed=0)
  [pool] 43,750 done  1.18 item/s  ~88 min left  (failed=0)
  [pool] 43,775 done  1.18 item/s  ~88 min left  (failed=0)
  [pool] 43,800 done  1.18 item/s  ~88 min left  (failed=0)
  [pool] 43,825 done  1.18 item/s  ~87 min left  (failed=0)
  [pool] 43,850 done  1.18 item/s  ~87 min left  (failed=0)
  [pool] 43,875 done  1.18 item/s  ~87 min left  (failed=0)
  [pool] 43,900 done  1.17 item/s  ~87 min left  (failed=0)
  [pool] 43,925 done  1.17 item/s  ~86 min left  (failed=0)
  [pool] 43,950 done  1.17 item/s  ~86 min left  (failed=0)
  [pool] 43,975 done  1.17 item/s  ~86 min left  (failed=0)
  [pool] 44,000 done  1.17 item/s  ~85 min left  (failed=0)
  [pool] 44,025 done  1.17 item/s  ~85 min left  (failed=0)
  [pool] 44,050 done  1.17 item/s  ~85 min left  (failed=0)
  [pool] 44,075 done  1.17 item/s  ~85 min left  (failed=0)
  [pool] 44,100 done  1.17 item/s  ~84 min left  (failed=0)
  [pool] 44,125 done  1.17 item/s  ~84 min left  (failed=0)
  [pool] 44,150 done  1.17 item/s  ~84 min left  (failed=0)
  [pool] 44,175 done  1.16 item/s  ~83 min left  (failed=0)
  [pool] 44,200 done  1.16 item/s  ~83 min left  (failed=0)
  [pool] 44,225 done  1.16 item/s  ~83 min left  (failed=0)
  [pool] 44,250 done  1.16 item/s  ~82 min left  (failed=0)
  [pool] 44,275 done  1.16 item/s  ~82 min left  (failed=0)
  [pool] 44,300 done  1.16 item/s  ~82 min left  (failed=0)
  [pool] 44,325 done  1.16 item/s  ~82 min left  (failed=0)
  [pool] 44,350 done  1.16 item/s  ~81 min left  (failed=0)
  [pool] 44,375 done  1.16 item/s  ~81 min left  (failed=0)
  [pool] 44,400 done  1.16 item/s  ~81 min left  (failed=0)
  [pool] 44,425 done  1.16 item/s  ~80 min left  (failed=0)
  [pool] 44,450 done  1.16 item/s  ~80 min left  (failed=0)
  [pool] 44,475 done  1.15 item/s  ~80 min left  (failed=0)
  [pool] 44,500 done  1.15 item/s  ~79 min left  (failed=0)
  [pool] 44,525 done  1.15 item/s  ~79 min left  (failed=0)
  [pool] 44,550 done  1.15 item/s  ~79 min left  (failed=0)
  [pool] 44,575 done  1.15 item/s  ~79 min left  (failed=0)
  [pool] 44,600 done  1.15 item/s  ~78 min left  (failed=0)
  [pool] 44,625 done  1.15 item/s  ~78 min left  (failed=0)
  [pool] 44,650 done  1.15 item/s  ~78 min left  (failed=0)
  [pool] 44,675 done  1.15 item/s  ~77 min left  (failed=0)
  [pool] 44,700 done  1.15 item/s  ~77 min left  (failed=0)
  [pool] 44,725 done  1.15 item/s  ~77 min left  (failed=0)
  [pool] 44,750 done  1.15 item/s  ~76 min left  (failed=0)
  [pool] 44,775 done  1.14 item/s  ~76 min left  (failed=0)
  [pool] 44,800 done  1.14 item/s  ~76 min left  (failed=0)
  [pool] 44,825 done  1.14 item/s  ~75 min left  (failed=0)
  [pool] 44,850 done  1.14 item/s  ~75 min left  (failed=0)
  [pool] 44,875 done  1.14 item/s  ~75 min left  (failed=0)
  [pool] 44,900 done  1.14 item/s  ~75 min left  (failed=0)
  [pool] 44,925 done  1.14 item/s  ~74 min left  (failed=0)
  [pool] 44,950 done  1.14 item/s  ~74 min left  (failed=0)
  [pool] 44,975 done  1.14 item/s  ~74 min left  (failed=0)
  [pool] 45,000 done  1.14 item/s  ~73 min left  (failed=0)
  [pool] 45,025 done  1.14 item/s  ~73 min left  (failed=0)
  [pool] 45,050 done  1.14 item/s  ~73 min left  (failed=0)
  [pool] 45,075 done  1.13 item/s  ~72 min left  (failed=0)
  [pool] 45,100 done  1.13 item/s  ~72 min left  (failed=0)
  [pool] 45,125 done  1.13 item/s  ~72 min left  (failed=0)
  [pool] 45,150 done  1.13 item/s  ~71 min left  (failed=0)
  [pool] 45,175 done  1.13 item/s  ~71 min left  (failed=0)
  [pool] 45,200 done  1.13 item/s  ~71 min left  (failed=0)
  [pool] 45,225 done  1.13 item/s  ~70 min left  (failed=0)
  [pool] 45,250 done  1.13 item/s  ~70 min left  (failed=0)
  [pool] 45,275 done  1.13 item/s  ~70 min left  (failed=0)
  [pool] 45,300 done  1.13 item/s  ~70 min left  (failed=0)
  [pool] 45,325 done  1.13 item/s  ~69 min left  (failed=0)
  [pool] 45,350 done  1.13 item/s  ~69 min left  (failed=0)
  [pool] 45,375 done  1.12 item/s  ~69 min left  (failed=0)
  [pool] 45,400 done  1.12 item/s  ~68 min left  (failed=0)
  [pool] 45,425 done  1.12 item/s  ~68 min left  (failed=0)
  [pool] 45,450 done  1.12 item/s  ~68 min left  (failed=0)
  [pool] 45,475 done  1.12 item/s  ~67 min left  (failed=0)
  [pool] 45,500 done  1.12 item/s  ~67 min left  (failed=0)
  [pool] 45,525 done  1.12 item/s  ~67 min left  (failed=0)
  [pool] 45,550 done  1.12 item/s  ~66 min left  (failed=0)
  [pool] 45,575 done  1.12 item/s  ~66 min left  (failed=0)
  [pool] 45,600 done  1.12 item/s  ~66 min left  (failed=0)
  [pool] 45,625 done  1.12 item/s  ~65 min left  (failed=0)
  [pool] 45,650 done  1.12 item/s  ~65 min left  (failed=0)
  [pool] 45,675 done  1.12 item/s  ~65 min left  (failed=0)
  [pool] 45,700 done  1.11 item/s  ~64 min left  (failed=0)
  [pool] 45,725 done  1.11 item/s  ~64 min left  (failed=0)
  [pool] 45,750 done  1.11 item/s  ~64 min left  (failed=0)
  [pool] 45,775 done  1.11 item/s  ~63 min left  (failed=0)
  [pool] 45,800 done  1.11 item/s  ~63 min left  (failed=0)
  [pool] 45,825 done  1.11 item/s  ~63 min left  (failed=0)
  [pool] 45,850 done  1.11 item/s  ~62 min left  (failed=0)
  [pool] 45,875 done  1.11 item/s  ~62 min left  (failed=0)
  [pool] 45,900 done  1.11 item/s  ~62 min left  (failed=0)
  [pool] 45,925 done  1.11 item/s  ~61 min left  (failed=0)
  [pool] 45,950 done  1.11 item/s  ~61 min left  (failed=0)
  [pool] 45,975 done  1.11 item/s  ~61 min left  (failed=0)
  [pool] 46,000 done  1.11 item/s  ~60 min left  (failed=0)
  [pool] 46,025 done  1.10 item/s  ~60 min left  (failed=0)
  [pool] 46,050 done  1.10 item/s  ~60 min left  (failed=0)
  [pool] 46,075 done  1.10 item/s  ~59 min left  (failed=0)
  [pool] 46,100 done  1.10 item/s  ~59 min left  (failed=0)
  [pool] 46,125 done  1.10 item/s  ~59 min left  (failed=0)
  [pool] 46,150 done  1.10 item/s  ~58 min left  (failed=0)
  [pool] 46,175 done  1.10 item/s  ~58 min left  (failed=0)
  [pool] 46,200 done  1.10 item/s  ~58 min left  (failed=0)
  [pool] 46,225 done  1.10 item/s  ~57 min left  (failed=0)
  [pool] 46,250 done  1.10 item/s  ~57 min left  (failed=0)
  [pool] 46,275 done  1.10 item/s  ~57 min left  (failed=0)
  [pool] 46,300 done  1.10 item/s  ~56 min left  (failed=0)
  [pool] 46,325 done  1.10 item/s  ~56 min left  (failed=0)
  [pool] 46,350 done  1.10 item/s  ~56 min left  (failed=0)
  [pool] 46,375 done  1.09 item/s  ~55 min left  (failed=0)
  [pool] 46,400 done  1.09 item/s  ~55 min left  (failed=0)
  [pool] 46,425 done  1.09 item/s  ~55 min left  (failed=0)
  [pool] 46,450 done  1.09 item/s  ~54 min left  (failed=0)
  [pool] 46,475 done  1.09 item/s  ~54 min left  (failed=0)
  [pool] 46,500 done  1.09 item/s  ~53 min left  (failed=0)
  [pool] 46,525 done  1.09 item/s  ~53 min left  (failed=0)
  [pool] 46,550 done  1.09 item/s  ~53 min left  (failed=0)
  [pool] 46,575 done  1.09 item/s  ~52 min left  (failed=0)
  [pool] 46,600 done  1.09 item/s  ~52 min left  (failed=0)
  [pool] 46,625 done  1.09 item/s  ~52 min left  (failed=0)
  [pool] 46,650 done  1.09 item/s  ~51 min left  (failed=0)
  [pool] 46,675 done  1.09 item/s  ~51 min left  (failed=0)
  [pool] 46,700 done  1.09 item/s  ~51 min left  (failed=0)
  [pool] 46,725 done  1.08 item/s  ~50 min left  (failed=0)
  [pool] 46,750 done  1.08 item/s  ~50 min left  (failed=0)
  [pool] 46,775 done  1.08 item/s  ~50 min left  (failed=0)
  [pool] 46,800 done  1.08 item/s  ~49 min left  (failed=0)
  [pool] 46,825 done  1.08 item/s  ~49 min left  (failed=0)
  [pool] 46,850 done  1.08 item/s  ~49 min left  (failed=0)
  [pool] 46,875 done  1.08 item/s  ~48 min left  (failed=0)
  [pool] 46,900 done  1.08 item/s  ~48 min left  (failed=0)
  [pool] 46,925 done  1.08 item/s  ~47 min left  (failed=0)
  [pool] 46,950 done  1.08 item/s  ~47 min left  (failed=0)
  [pool] 46,975 done  1.08 item/s  ~47 min left  (failed=0)
  [pool] 47,000 done  1.08 item/s  ~46 min left  (failed=0)
  [pool] 47,025 done  1.08 item/s  ~46 min left  (failed=0)
  [pool] 47,050 done  1.08 item/s  ~46 min left  (failed=0)
  [pool] 47,075 done  1.08 item/s  ~45 min left  (failed=0)
  [pool] 47,100 done  1.08 item/s  ~45 min left  (failed=0)
  [pool] 47,125 done  1.08 item/s  ~44 min left  (failed=0)
  [pool] 47,150 done  1.08 item/s  ~44 min left  (failed=0)
  [pool] 47,175 done  1.08 item/s  ~44 min left  (failed=0)
  [pool] 47,200 done  1.08 item/s  ~43 min left  (failed=0)
  [pool] 47,225 done  1.08 item/s  ~43 min left  (failed=0)
  [pool] 47,250 done  1.08 item/s  ~43 min left  (failed=0)
  [pool] 47,275 done  1.08 item/s  ~42 min left  (failed=0)
  [pool] 47,300 done  1.08 item/s  ~42 min left  (failed=0)
  [pool] 47,325 done  1.07 item/s  ~41 min left  (failed=0)
  [pool] 47,350 done  1.07 item/s  ~41 min left  (failed=0)
  [pool] 47,375 done  1.07 item/s  ~41 min left  (failed=0)
  [pool] 47,400 done  1.07 item/s  ~40 min left  (failed=0)
  [pool] 47,425 done  1.07 item/s  ~40 min left  (failed=0)
  [pool] 47,450 done  1.07 item/s  ~40 min left  (failed=0)
  [pool] 47,475 done  1.07 item/s  ~39 min left  (failed=0)
  [pool] 47,500 done  1.07 item/s  ~39 min left  (failed=0)
  [pool] 47,525 done  1.07 item/s  ~38 min left  (failed=0)
  [pool] 47,550 done  1.07 item/s  ~38 min left  (failed=0)
  [pool] 47,575 done  1.07 item/s  ~38 min left  (failed=0)
  [pool] 47,600 done  1.07 item/s  ~37 min left  (failed=0)
  [pool] 47,625 done  1.07 item/s  ~37 min left  (failed=0)
  [pool] 47,650 done  1.07 item/s  ~37 min left  (failed=0)
  [pool] 47,675 done  1.07 item/s  ~36 min left  (failed=0)
  [pool] 47,700 done  1.07 item/s  ~36 min left  (failed=0)
  [pool] 47,725 done  1.07 item/s  ~35 min left  (failed=0)
  [pool] 47,750 done  1.07 item/s  ~35 min left  (failed=0)
  [pool] 47,775 done  1.07 item/s  ~35 min left  (failed=0)
  [pool] 47,800 done  1.07 item/s  ~34 min left  (failed=0)
  [pool] 47,825 done  1.07 item/s  ~34 min left  (failed=0)
  [pool] 47,850 done  1.07 item/s  ~34 min left  (failed=0)
  [pool] 47,875 done  1.07 item/s  ~33 min left  (failed=0)
  [pool] 47,900 done  1.07 item/s  ~33 min left  (failed=0)
  [pool] 47,925 done  1.07 item/s  ~32 min left  (failed=0)
  [pool] 47,950 done  1.07 item/s  ~32 min left  (failed=0)
  [pool] 47,975 done  1.07 item/s  ~32 min left  (failed=0)
  [pool] 48,000 done  1.07 item/s  ~31 min left  (failed=0)
  [pool] 48,025 done  1.07 item/s  ~31 min left  (failed=0)
  [pool] 48,050 done  1.07 item/s  ~31 min left  (failed=0)
  [pool] 48,075 done  1.07 item/s  ~30 min left  (failed=0)
  [pool] 48,100 done  1.06 item/s  ~30 min left  (failed=0)
  [pool] 48,125 done  1.06 item/s  ~29 min left  (failed=0)
  [pool] 48,150 done  1.06 item/s  ~29 min left  (failed=0)
  [pool] 48,175 done  1.06 item/s  ~29 min left  (failed=0)
  [pool] 48,200 done  1.06 item/s  ~28 min left  (failed=0)
  [pool] 48,225 done  1.06 item/s  ~28 min left  (failed=0)
  [pool] 48,250 done  1.06 item/s  ~27 min left  (failed=0)
  [pool] 48,275 done  1.06 item/s  ~27 min left  (failed=0)
  [pool] 48,300 done  1.06 item/s  ~27 min left  (failed=0)
  [pool] 48,325 done  1.06 item/s  ~26 min left  (failed=0)
  [pool] 48,350 done  1.06 item/s  ~26 min left  (failed=0)
  [pool] 48,375 done  1.06 item/s  ~26 min left  (failed=0)
  [pool] 48,400 done  1.06 item/s  ~25 min left  (failed=0)
  [pool] 48,425 done  1.06 item/s  ~25 min left  (failed=0)
  [pool] 48,450 done  1.06 item/s  ~24 min left  (failed=0)
  [pool] 48,475 done  1.06 item/s  ~24 min left  (failed=0)
  [pool] 48,500 done  1.06 item/s  ~24 min left  (failed=0)
  [pool] 48,525 done  1.06 item/s  ~23 min left  (failed=0)
  [pool] 48,550 done  1.06 item/s  ~23 min left  (failed=0)
  [pool] 48,575 done  1.06 item/s  ~22 min left  (failed=0)
  [pool] 48,600 done  1.06 item/s  ~22 min left  (failed=0)
  [pool] 48,625 done  1.06 item/s  ~22 min left  (failed=0)
  [pool] 48,650 done  1.06 item/s  ~21 min left  (failed=0)
  [pool] 48,675 done  1.06 item/s  ~21 min left  (failed=0)
  [pool] 48,700 done  1.06 item/s  ~20 min left  (failed=0)
  [pool] 48,725 done  1.06 item/s  ~20 min left  (failed=0)
  [pool] 48,750 done  1.06 item/s  ~20 min left  (failed=0)
  [pool] 48,775 done  1.06 item/s  ~19 min left  (failed=0)
  [pool] 48,800 done  1.06 item/s  ~19 min left  (failed=0)
  [pool] 48,825 done  1.06 item/s  ~19 min left  (failed=0)
  [pool] 48,850 done  1.06 item/s  ~18 min left  (failed=0)
  [pool] 48,875 done  1.06 item/s  ~18 min left  (failed=0)
  [pool] 48,900 done  1.06 item/s  ~17 min left  (failed=0)
  [pool] 48,925 done  1.06 item/s  ~17 min left  (failed=0)
  [pool] 48,950 done  1.06 item/s  ~17 min left  (failed=0)
  [pool] 48,975 done  1.06 item/s  ~16 min left  (failed=0)
  [pool] 49,000 done  1.05 item/s  ~16 min left  (failed=0)
  [pool] 49,025 done  1.05 item/s  ~15 min left  (failed=0)
  [pool] 49,050 done  1.05 item/s  ~15 min left  (failed=0)
  [pool] 49,075 done  1.05 item/s  ~15 min left  (failed=0)
  [pool] 49,100 done  1.05 item/s  ~14 min left  (failed=0)
  [pool] 49,125 done  1.05 item/s  ~14 min left  (failed=0)
  [pool] 49,150 done  1.05 item/s  ~13 min left  (failed=0)
  [pool] 49,175 done  1.05 item/s  ~13 min left  (failed=0)
  [pool] 49,200 done  1.05 item/s  ~13 min left  (failed=0)
  [pool] 49,225 done  1.05 item/s  ~12 min left  (failed=0)
  [pool] 49,250 done  1.05 item/s  ~12 min left  (failed=0)
  [pool] 49,275 done  1.05 item/s  ~11 min left  (failed=0)
  [pool] 49,300 done  1.05 item/s  ~11 min left  (failed=0)
  [pool] 49,325 done  1.05 item/s  ~11 min left  (failed=0)
  [pool] 49,350 done  1.05 item/s  ~10 min left  (failed=0)
  [pool] 49,375 done  1.05 item/s  ~10 min left  (failed=0)
  [pool] 49,400 done  1.05 item/s  ~10 min left  (failed=0)
  [pool] 49,425 done  1.05 item/s  ~9 min left  (failed=0)
  [pool] 49,450 done  1.05 item/s  ~9 min left  (failed=0)
  [pool] 49,475 done  1.05 item/s  ~8 min left  (failed=0)
  [pool] 49,500 done  1.05 item/s  ~8 min left  (failed=0)
  [pool] 49,525 done  1.05 item/s  ~8 min left  (failed=0)
  [pool] 49,550 done  1.05 item/s  ~7 min left  (failed=0)
  [pool] 49,575 done  1.05 item/s  ~7 min left  (failed=0)
  [pool] 49,600 done  1.05 item/s  ~6 min left  (failed=0)
  [pool] 49,625 done  1.05 item/s  ~6 min left  (failed=0)
  [pool] 49,650 done  1.05 item/s  ~6 min left  (failed=0)
  [pool] 49,675 done  1.05 item/s  ~5 min left  (failed=0)
  [pool] 49,700 done  1.05 item/s  ~5 min left  (failed=0)
  [pool] 49,725 done  1.05 item/s  ~4 min left  (failed=0)
  [pool] 49,750 done  1.05 item/s  ~4 min left  (failed=0)
  [pool] 49,775 done  1.05 item/s  ~4 min left  (failed=0)
  [pool] 49,800 done  1.05 item/s  ~3 min left  (failed=0)
  [pool] 49,825 done  1.05 item/s  ~3 min left  (failed=0)
  [pool] 49,850 done  1.05 item/s  ~2 min left  (failed=0)
  [pool] 49,875 done  1.05 item/s  ~2 min left  (failed=0)
  [pool] 49,900 done  1.04 item/s  ~2 min left  (failed=0)
  [pool] 49,925 done  1.04 item/s  ~1 min left  (failed=0)
  [pool] 49,950 done  1.04 item/s  ~1 min left  (failed=0)
  [pool] 49,975 done  1.04 item/s  ~0 min left  (failed=0)
  [pool] 50,000 done  1.04 item/s  ~0 min left  (failed=0)
[cip_llm] pool: 50,000 ok, 0 failed, 0 skipped; parse failures 0
fire: {'items': 25000, 'jurors': 2, 'pending_units': 50000, 'cached_units': 0, 'approx_prompt_tokens_per_unit': 944, 'done': 50000, 'failed': 0, 'skipped': 0, 'parse_failures': 0}
